Year 50.site 1,,,,,,,,,,,
Point 1,,,,,,,,,,,
Trees,gbh1,gbh2,gbh3,gbh4,gbh5,gbh6,gbh7,effective.gbh,basal.area,Saplings,Seedlings
Eurya acuminata,27,0,0,0,0,0,0,27,58.01,Mangifera sylvatica,Ixonanthes khasiana
Saurauia nepalensis,22,0,0,0,0,0,0,22,38.52,Wendlandia paniculata,
Saurauia nepalensis,21,0,0,0,0,0,0,21,35.09,Helicia nilagirica,
Eurya acuminata,33,0,0,0,0,0,0,33,86.66,Helicia nilagirica,
Saurauia nepalensis,11,0,0,0,0,0,0,11,9.63,species23,
Eurya acuminata,17,0,0,0,0,0,0,17,23,Mangifera sylvatica,
Eurya acuminata,32,0,0,0,0,0,0,32,81.49,Macaranga sp1,
Eurya acuminata,20,0,0,0,0,0,0,20,31.83,Ixonanthes khasiana,
Saurauia nepalensis,15,0,0,0,0,0,0,15,17.9,Helicia nilagirica,
Eurya acuminata,23,0,0,0,0,0,0,23,42.1,Maesa sp1,
Eurya acuminata,22,0,0,0,0,0,0,22,38.52,,
Eurya acuminata,19,0,0,0,0,0,0,19,28.73,,
Eurya acuminata,29,0,0,0,0,0,0,29,66.92,,
Eurya acuminata,27,0,0,0,0,0,0,27,58.01,,
Eurya acuminata,26,0,0,0,0,0,0,26,53.79,,
Eurya acuminata,22,0,0,0,0,0,0,22,38.52,,
Eurya acuminata,22,0,0,0,0,0,0,22,38.52,,
Eurya acuminata,23,0,0,0,0,0,0,23,42.1,,
Eurya acuminata,10.5,0,0,0,0,0,0,10.5,8.77,,
Saurauia nepalensis,21,0,0,0,0,0,0,21,35.09,,
Saurauia nepalensis,26,0,0,0,0,0,0,26,53.79,,
Eurya acuminata,24,0,0,0,0,0,0,24,45.84,,
Eurya acuminata,24,0,0,0,0,0,0,24,45.84,,
Eurya acuminata,24,0,0,0,0,0,0,24,45.84,,
Saurauia nepalensis,31,0,0,0,0,0,0,31,76.47,,
Saurauia nepalensis,23,0,0,0,0,0,0,23,42.1,,
Helicia nilagirica,47,0,0,0,0,0,0,47,175.79,,
Helicia nilagirica,35,0,0,0,0,0,0,35,97.48,,
Helicia nilagirica,44,0,0,0,0,0,0,44,154.06,,
Eurya acuminata,24,0,0,0,0,0,0,24,45.84,,
Eurya acuminata,25,0,0,0,0,0,0,25,49.74,,
Eurya acuminata,20,0,0,0,0,0,0,20,31.83,,
Eurya acuminata,22,0,0,0,0,0,0,22,38.52,,
Eurya acuminata,16,0,0,0,0,0,0,16,20.37,,
Eurya acuminata,18,0,0,0,0,0,0,18,25.78,,
,,,,,,,,,,,
Point 2,,,,,,,,,,,
Trees,gbh1,gbh2,gbh3,gbh4,gbh5,gbh6,gbh7,effective.gbh,basal.area,Saplings,Seedlings
Ficus sp3,11,0,0,0,0,0,0,11,9.63,Saplings,Seedlings
species4,26,22,0,0,0,0,0,34.0587727319,92.31,Macaranga sp1,species11
Castanopsis tribuloides,25,0,0,0,0,0,0,25,49.74,species24,
Eurya acuminata,15,0,0,0,0,0,0,15,17.9,Ixonanthes khasiana,
Castanopsis tribuloides,38,0,0,0,0,0,0,38,114.91,species12,
Quercus kamrupii,37,0,0,0,0,0,0,37,108.94,Macaranga sp1,
Quercus kamrupii,21,0,0,0,0,0,0,21,35.09,,
Ixonanthes khasiana,39,0,0,0,0,0,0,39,121.04,,
Quercus kamrupii,20,0,0,0,0,0,0,20,31.83,,
Ixonanthes khasiana,55,0,0,0,0,0,0,55,240.72,,
Castanopsis tribuloides,79,0,0,0,0,0,0,79,496.64,,
Castanopsis tribuloides,62,0,0,0,0,0,0,62,305.9,,
Wendlandia paniculata,83,0,0,0,0,0,0,83,548.21,,
Castanopsis tribuloides,23,0,0,0,0,0,0,23,42.1,,
Quercus kamrupii,33,0,0,0,0,0,0,33,86.66,,
,,,,,,,,,,,
Point 3,,,,,,,,,,,
Trees,gbh1,gbh2,gbh3,gbh4,gbh5,gbh6,gbh7,effective.gbh,basal.area,Saplings,Seedlings
Eurya acuminata,30,0,0,0,0,0,0,30,71.62,Persea sp1,Ixonanthes khasiana
Eurya acuminata,32,0,0,0,0,0,0,32,81.49,Litsea sp1,Ixonanthes khasiana
Wendlandia paniculata,64,0,0,0,0,0,0,64,325.95,Quercus kamrupii,
Callicarpa arborea,83,0,0,0,0,0,0,83,548.21,,
Callicarpa arborea,86,0,0,0,0,0,0,86,588.55,,
Helicia robusta,76,0,0,0,0,0,0,76,459.64,,
Ixonanthes khasiana,30,0,0,0,0,0,0,30,71.62,,
Ixonanthes khasiana,15,0,0,0,0,0,0,15,17.9,,
Helicia nilagirica,40,35,0,0,0,0,0,53.1507290637,224.81,,
species6,12,0,0,0,0,0,0,12,11.46,,
Eurya acuminata,38,0,0,0,0,0,0,38,114.91,,
Castanopsis tribuloides,90,0,0,0,0,0,0,90,644.58,,
Quercus kamrupii,11,0,0,0,0,0,0,11,9.63,,
Wendlandia paniculata,29,0,0,0,0,0,0,29,66.92,,
Ixonanthes khasiana,75,0,0,0,0,0,0,75,447.62,,
Helicia robusta,57,0,0,0,0,0,0,57,258.55,,
Clerodendrum sp1,17,0,0,0,0,0,0,17,23,,
,,,,,,,,,,,
Point 4,,,,,,,,,,,
Trees,gbh1,gbh2,gbh3,gbh4,gbh5,gbh6,gbh7,effective.gbh,basal.area,Saplings,Seedlings
Helicia robusta,227,36,52,0,0,0,0,235.6459208219,4418.85,Quercus kamrupii,Ixonanthes khasiana
Castanopsis tribuloides,72,0,0,0,0,0,0,72,412.53,Quercus kamrupii,Ixonanthes khasiana
Quercus kamrupii,16,0,0,0,0,0,0,16,20.37,Quercus kamrupii,
Castanopsis tribuloides,85,78,99,0,0,0,0,152.0197355609,1839.03,Quercus kamrupii,
Ixonanthes khasiana,40,0,0,0,0,0,0,40,127.32,Quercus kamrupii,
Helicia nilagirica,22,0,0,0,0,0,0,22,38.52,Quercus kamrupii,
Ixonanthes khasiana,13,0,0,0,0,0,0,13,13.45,,
Castanopsis tribuloides,104,0,0,0,0,0,0,104,860.71,,
Helicia nilagirica,19,0,0,0,0,0,0,19,28.73,,
Castanopsis tribuloides,22,0,0,0,0,0,0,22,38.52,,
Ixonanthes khasiana,50,0,0,0,0,0,0,50,198.94,,
Castanopsis tribuloides,24,0,0,0,0,0,0,24,45.84,,
species7,12,0,0,0,0,0,0,12,11.46,,
,,,,,,,,,,,
Point 5,,,,,,,,,,,
Trees,gbh1,gbh2,gbh3,gbh4,gbh5,gbh6,gbh7,effective.gbh,basal.area,Saplings,Seedlings
Quercus kamrupii,33,27,0,0,0,0,0,42.6380112107,144.67,Helicia nilagirica,Quercus kamrupii
Quercus kamrupii,75,0,0,0,0,0,0,75,447.62,Cinnamomum tamala,Macaranga sp1
Quercus kamrupii,15,0,0,0,0,0,0,15,17.9,Helicia robusta,
Eurya acuminata,17,0,0,0,0,0,0,17,23,Quercus kamrupii,
Eurya acuminata,38,0,0,0,0,0,0,38,114.91,Cinnamomum tamala,
Eurya acuminata,27,0,0,0,0,0,0,27,58.01,,
Ficus sp3,74,0,0,0,0,0,0,74,435.77,,
Helicia robusta,50,0,0,0,0,0,0,50,198.94,,
Wendlandia paniculata,49,27,0,0,0,0,0,55.9464029228,249.08,,
Quercus kamrupii,49,0,0,0,0,0,0,49,191.07,,
Garcinia cowa ,45,0,0,0,0,0,0,45,161.14,,
Wendlandia paniculata,75,53,0,0,0,0,0,91.8368117914,671.15,,
Castanopsis tribuloides,30,0,0,0,0,0,0,30,71.62,,
Wendlandia paniculata,50,0,0,0,0,0,0,50,198.94,,
Helicia robusta,45,0,0,0,0,0,0,45,161.14,,
Helicia robusta,51,0,0,0,0,0,0,51,206.98,,
,,,,,,,,,,,
Point 6,,,,,,,,,,,
Trees,gbh1,gbh2,gbh3,gbh4,gbh5,gbh6,gbh7,effective.gbh,basal.area,Saplings,Seedlings
Quercus kamrupii,45,53,0,0,0,0,0,69.5269731831,384.68,Quercus kamrupii,Mangifera sylvatica
Quercus kamrupii,79,0,0,0,0,0,0,79,496.64,Quercus kamrupii,
Quercus kamrupii,42,0,0,0,0,0,0,42,140.37,Quercus kamrupii,
Quercus kamrupii,61,0,0,0,0,0,0,61,296.11,Quercus kamrupii,
Castanopsis tribuloides,140,0,0,0,0,0,0,140,1559.71,Quercus kamrupii,
Quercus kamrupii,45,0,0,0,0,0,0,45,161.14,Quercus kamrupii,
Quercus kamrupii,14,0,0,0,0,0,0,14,15.6,Quercus kamrupii,
Quercus kamrupii,16,0,0,0,0,0,0,16,20.37,Quercus kamrupii,
Macaranga sp1,10,0,0,0,0,0,0,10,7.96,,
Quercus kamrupii,22,18,0,0,0,0,0,28.4253408071,64.3,,
Quercus kamrupii,15,0,0,0,0,0,0,15,17.9,,
Quercus kamrupii,17,0,0,0,0,0,0,17,23,,
Quercus kamrupii,12,0,0,0,0,0,0,12,11.46,,
Quercus kamrupii,15,0,0,0,0,0,0,15,17.9,,
Ixonanthes khasiana,25,0,0,0,0,0,0,25,49.74,,
Quercus kamrupii,15,0,0,0,0,0,0,15,17.9,,
Quercus kamrupii,14,0,0,0,0,0,0,14,15.6,,
,,,,,,,,,,,
Point 7,,,,,,,,,,,
Trees,gbh1,gbh2,gbh3,gbh4,gbh5,gbh6,gbh7,effective.gbh,basal.area,Saplings,Seedlings
Helicia nilagirica,45,0,0,0,0,0,0,45,161.14,Quercus kamrupii,species7
Helicia nilagirica,35,75,0,0,0,0,0,82.7647267862,545.1,Helicia nilagirica,
Wendlandia paniculata,40,0,0,0,0,0,0,40,127.32,Helicia nilagirica,
Ixonanthes khasiana,55,0,0,0,0,0,0,55,240.72,Persea sp1,
Persea sp1,80,0,0,0,0,0,0,80,509.29,Helicia nilagirica,
Wendlandia paniculata,55,0,0,0,0,0,0,55,240.72,,
Persea sp1,35,0,0,0,0,0,0,35,97.48,,
Castanopsis tribuloides,80,0,0,0,0,0,0,80,509.29,,
Ixonanthes khasiana,80,0,0,0,0,0,0,80,509.29,,
Persea sp1,60,0,0,0,0,0,0,60,286.48,,
Clerodendrum sp1,26,0,0,0,0,0,0,26,53.79,,
Clerodendrum sp1,26,0,0,0,0,0,0,26,53.79,,
Helicia robusta,68,0,0,0,0,0,0,68,367.97,,
Helicia robusta,35,0,0,0,0,0,0,35,97.48,,
Helicia nilagirica,32,33,16,12,0,0,0,50.129831438,199.98,,
Eurya acuminata,15,0,0,0,0,0,0,15,17.9,,
Eurya acuminata,32,0,0,0,0,0,0,32,81.49,,
Castanopsis tribuloides,29,45,0,0,0,0,0,53.5350352573,228.07,,
Engelhardia sp1,75,0,0,0,0,0,0,75,447.62,,
Engelhardia sp1,35,65,65,0,0,0,0,98.3615778645,769.91,,
Wendlandia paniculata,65,0,0,0,0,0,0,65,336.21,,
Eurya acuminata,22,22,40,0,0,0,0,50.6754378373,204.35,,
Quercus kamrupii,65,0,0,0,0,0,0,65,336.21,,
,,,,,,,,,,,
Point 8,,,,,,,,,,,
Trees,gbh1,gbh2,gbh3,gbh4,gbh5,gbh6,gbh7,effective.gbh,basal.area,Saplings,Seedlings
Castanopsis tribuloides,147,0,0,0,0,0,0,147,1719.59,Helicia robusta,Persea sp1
Ixonanthes khasiana,55,0,0,0,0,0,0,55,240.72,,Persea sp1
Castanopsis tribuloides,23,0,0,0,0,0,0,23,42.1,,
Eurya acuminata,14,0,0,0,0,0,0,14,15.6,,
Eurya acuminata,31,0,0,0,0,0,0,31,76.47,,
Eurya acuminata,21,0,0,0,0,0,0,21,35.09,,
Helicia robusta,16,21,19,0,0,0,0,32.5269119346,84.19,,
Ixonanthes khasiana,71,0,0,0,0,0,0,71,401.15,,
Eurya acuminata,29,0,0,0,0,0,0,29,66.92,,
Helicia robusta,67,17,17,14,28,25,17,83.4326075345,553.94,,
Eurya acuminata,25,0,0,0,0,0,0,25,49.74,,
Helicia robusta,60,0,0,0,0,0,0,60,286.48,,
Helicia robusta,48,48,0,0,0,0,0,67.8822509939,366.69,,
Wendlandia paniculata,33,43,45,0,0,0,0,70.4485627958,394.94,,
Tauloma hodgsonii,11,9,9,0,0,0,0,16.8226038413,22.52,,
Wendlandia paniculata,35,30,25,35,30,0,0,69.8212002188,387.94,,
,,,,,,,,,,,
Point 9,,,,,,,,,,,
Trees,gbh1,gbh2,gbh3,gbh4,gbh5,gbh6,gbh7,effective.gbh,basal.area,Saplings,Seedlings
Garcinia cowa ,71,0,0,0,0,0,0,71,401.15,Ixonanthes khasiana,Meliosma sp1
Garcinia cowa ,55,0,0,0,0,0,0,55,240.72,Helicia robusta,
Persea sp1,15,0,0,0,0,0,0,15,17.9,Vatica semifera,
Garcinia cowa ,28,0,0,0,0,0,0,28,62.39,Meliosma sp1,
Helicia robusta,41,35,0,0,0,0,0,53.9073278878,231.25,,
Helicia robusta,31,0,0,0,0,0,0,31,76.47,,
Eurya acuminata,30,0,0,0,0,0,0,30,71.62,,
Litsea sp1,16,0,0,0,0,0,0,16,20.37,,
Engelhardia spicata,48,0,0,0,0,0,0,48,183.35,,
Castanopsis tribuloides,60,0,0,0,0,0,0,60,286.48,,
Persea sp1,38,0,0,0,0,0,0,38,114.91,,
Castanopsis tribuloides,16,30,0,0,0,0,0,34,91.99,,
Wendlandia paniculata,38,0,0,0,0,0,0,38,114.91,,
Castanopsis tribuloides,80,0,0,0,0,0,0,80,509.29,,
Engelhardia spicata,85,30,0,0,0,0,0,90.1387818866,646.57,,
Cinnamomum tamala,78,0,0,0,0,0,0,78,484.15,,
Ixonanthes khasiana,18,0,0,0,0,0,0,18,25.78,,
Eurya acuminata,14,0,0,0,0,0,0,14,15.6,,
Castanopsis tribuloides,30,15,0,0,0,0,0,33.5410196625,89.52,,
Castanopsis tribuloides,24,0,0,0,0,0,0,24,45.84,,
species8,35,0,0,0,0,0,0,35,97.48,,
Litsea citrata,59,0,0,0,0,0,0,59,277.01,,
,,,,,,,,,,,
Point 10,,,,,,,,,,,
Trees,gbh1,gbh2,gbh3,gbh4,gbh5,gbh6,gbh7,effective.gbh,basal.area,Saplings,Seedlings
Engelhardia sp1,53,0,0,0,0,0,0,53,223.53,Maesa sp1,0
Eurya acuminata,14,0,0,0,0,0,0,14,15.6,Macaranga sp1,
Eurya acuminata,17,0,0,0,0,0,0,17,23,Meliosma sp1,
Eurya acuminata,18,0,0,0,0,0,0,18,25.78,,
Eurya acuminata,25,0,0,0,0,0,0,25,49.74,,
Eurya acuminata,23,0,0,0,0,0,0,23,42.1,,
Eurya acuminata,19,0,0,0,0,0,0,19,28.73,,
Eurya acuminata,30,0,0,0,0,0,0,30,71.62,,
Eurya acuminata,15,0,0,0,0,0,0,15,17.9,,
Helicia robusta,55,0,0,0,0,0,0,55,240.72,,
Vatica semifera,25,0,0,0,0,0,0,25,49.74,,
Eurya acuminata,33,0,0,0,0,0,0,33,86.66,,
Castanopsis tribuloides,88,0,0,0,0,0,0,88,616.25,,
Macaranga sp1,50,0,0,0,0,0,0,50,198.94,,
Camellia sp1,45,0,0,0,0,0,0,45,161.14,,
,,,,,,,,,,,
Point 11,,,,,,,,,,,
Trees,gbh1,gbh2,gbh3,gbh4,gbh5,gbh6,gbh7,effective.gbh,basal.area,Saplings,Seedlings
species8,43,0,0,0,0,0,0,43,147.14,0,0
Helicia robusta,35,0,0,0,0,0,0,35,97.48,,
Ixonanthes khasiana,40,0,0,0,0,0,0,40,127.32,,
Castanopsis tribuloides,46,0,0,0,0,0,0,46,168.39,,
Castanopsis tribuloides,56,36,0,0,0,0,0,66.5732679084,352.69,,
Miliusa sp1,50,0,0,0,0,0,0,50,198.94,,
Persea sp1,25,0,0,0,0,0,0,25,49.74,,
Castanopsis tribuloides,44,0,0,0,0,0,0,44,154.06,,
Vatica semifera,44,38,0,0,0,0,0,58.137767415,268.97,,
Eurya acuminata,17,0,0,0,0,0,0,17,23,,
Wendlandia paniculata,43,0,0,0,0,0,0,43,147.14,,
Cinnamomum tamala,35,0,0,0,0,0,0,35,97.48,,
Eurya acuminata,15,0,0,0,0,0,0,15,17.9,,
Castanopsis tribuloides,35,35,25,0,0,0,0,55.452682532,244.7,,
Wendlandia paniculata,45,0,0,0,0,0,0,45,161.14,,
Eurya acuminata,15,0,0,0,0,0,0,15,17.9,,
Eurya acuminata,30,0,0,0,0,0,0,30,71.62,,
Eurya acuminata,28,0,0,0,0,0,0,28,62.39,,
Eurya acuminata,30,0,0,0,0,0,0,30,71.62,,
Castanopsis tribuloides,18,0,0,0,0,0,0,18,25.78,,
Betula alnoides,46,0,0,0,0,0,0,46,168.39,,
,,,,,,,,,,,
Point 12,,,,,,,,,,,
Trees,gbh1,gbh2,gbh3,gbh4,gbh5,gbh6,gbh7,effective.gbh,basal.area,Saplings,Seedlings
Eurya acuminata,45,0,0,0,0,0,0,45,161.14,Eurya acuminata,species8
Eurya acuminata,30,0,0,0,0,0,0,30,71.62,Eurya acuminata,
Persea sp1,58,0,0,0,0,0,0,58,267.7,Helicia robusta,
Eurya acuminata,25,0,0,0,0,0,0,25,49.74,Persea sp1,
Castanopsis tribuloides,70,0,0,0,0,0,0,70,389.93,Eurya acuminata,
Engelhardia sp1,94,0,0,0,0,0,0,94,703.14,Cinnamomum tamala,
Helicia nilagirica,70,0,0,0,0,0,0,70,389.93,,
Eurya acuminata,27,20,0,0,0,0,0,33.6005952328,89.84,,
Cinnamomum tamala,114,0,0,0,0,0,0,114,1034.19,,
,,,,,,,,,,,
,,,,,,,,,,,
Year 50. site 2,,,,,,,,,,,
Point 1,,,,,,,,,,,
Trees,gbh1,gbh2,gbh3,gbh4,gbh5,gbh6,gbh7,effective.gbh,basal.area,Saplings,Seedlings
Oreocnide integrifolia,50,35,0,0,0,0,0,61.0327780787,296.43,Persea sp3,species4
Syzigium macrocarpum,60,0,0,0,0,0,0,60,286.48,Litsea sp1,
Lithocarpus sp1,30,0,0,0,0,0,0,30,71.62,,
Litsea sp1,20,0,0,0,0,0,0,20,31.83,,
Vatica semifera,20,15,0,0,0,0,0,25,49.74,,
Viburnum sp1,12,0,0,0,0,0,0,12,11.46,,
Ficus sp1,40,0,0,0,0,0,0,40,127.32,,
Alchornea sp1,30,0,0,0,0,0,0,30,71.62,,
Alchornea sp1,40,0,0,0,0,0,0,40,127.32,,
Persea sp3,150,140,0,0,0,0,0,205.1828452868,3350.2,,
species4,17,0,0,0,0,0,0,17,23,,
species9,50,0,0,0,0,0,0,50,198.94,,
species4,30,0,0,0,0,0,0,30,71.62,,
Ficus sp1,25,12,15,0,0,0,0,31.5277655409,79.1,,
,,,,,,,,,,,
Point 2,,,,,,,,,,,
Trees,gbh1,gbh2,gbh3,gbh4,gbh5,gbh6,gbh7,effective.gbh,basal.area,Saplings,Seedlings
Vatica semifera,22,0,0,0,0,0,0,22,38.52,Ficus sp1,Maesa sp1
Vatica semifera,22,0,0,0,0,0,0,22,38.52,Ficus sp1,Alchornea sp1
species10,70,0,0,0,0,0,0,70,389.93,Litsea sp1,Alchornea sp1
species10,22,0,0,0,0,0,0,22,38.52,Litsea sp1,Gomphostemma roxburghii
Alchornea sp1,40,0,0,0,0,0,0,40,127.32,Litsea sp1,
Vatica semifera,30,30,20,0,0,0,0,46.9041575982,175.07,Ficus sp3,
species1,35,0,0,0,0,0,0,35,97.48,,
Vatica semifera,25,0,0,0,0,0,0,25,49.74,,
Vatica semifera,25,0,0,0,0,0,0,25,49.74,,
Vatica semifera,25,0,0,0,0,0,0,25,49.74,,
Vatica semifera,25,0,0,0,0,0,0,25,49.74,,
Alchornea sp1,32,0,0,0,0,0,0,32,81.49,,
Meliosma sp1,35,0,0,0,0,0,0,35,97.48,,
Alchornea sp1,30,0,0,0,0,0,0,30,71.62,,
,,,,,,,,,,,
Point 3,,,,,,,,,,,
Trees,gbh1,gbh2,gbh3,gbh4,gbh5,gbh6,gbh7,effective.gbh,basal.area,Saplings,Seedlings
species11,35,20,35,0,0,0,0,53.3853912602,226.8,Persea sp3,Alchornea sp1
Alchornea sp1,30,15,17,0,0,0,0,37.6031913539,112.52,Persea sp3,Litsea sp1
species2,60,0,0,0,0,0,0,60,286.48,Persea sp3,
species10,45,0,0,0,0,0,0,45,161.14,species3,
species12,32,0,0,0,0,0,0,32,81.49,Ficus sp3,
Cinnamomum tamala,32,0,0,0,0,0,0,32,81.49,,
species3,36,0,0,0,0,0,0,36,103.13,,
Alchornea sp1,27,0,0,0,0,0,0,27,58.01,,
Elaeocarpus aristatus,18,16,15,0,0,0,0,28.3725219182,64.06,,
Engelhardia spicata,40,45,50,60,50,0,0,110.5667219375,972.83,,
,,,,,,,,,,,
Point 4,,,,,,,,,,,
Trees,gbh1,gbh2,gbh3,gbh4,gbh5,gbh6,gbh7,effective.gbh,basal.area,Saplings,Seedlings
Callicarpa arborea,55,55,0,0,0,0,0,77.7817459305,481.44,Ficus sp3,0
Mangifera sylvatica,70,45,0,0,0,0,0,83.2165848855,551.07,species21,
Mangifera sylvatica,70,35,0,0,0,0,0,78.2623792125,487.41,Helicia sp1,
Eurya acuminata,30,0,0,0,0,0,0,30,71.62,,
Engelhardia sp1,40,0,0,0,0,0,0,40,127.32,,
Ficus sp3,20,0,0,0,0,0,0,20,31.83,,
species3,18,0,0,0,0,0,0,18,25.78,,
Ficus semicordata,60,0,0,0,0,0,0,60,286.48,,
species9,70,50,0,0,0,0,0,86.0232526704,588.87,,
Persea sp3,60,0,0,0,0,0,0,60,19.1,,
Persea sp3,38,0,0,0,0,0,0,38,12.1,,
Persea sp3,60,0,0,0,0,0,0,60,19.1,,
Ficus sp3,15,0,0,0,0,0,0,15,4.77,,
Cinnamomum tamala,11,0,0,0,0,0,0,11,3.5,,
Ficus sp3,19,0,0,0,0,0,0,19,6.05,,
Cinnamomum tamala,14,0,0,0,0,0,0,14,4.46,,
Meliosma sp1,23,0,0,0,0,0,0,23,7.32,,
species3,30,0,0,0,0,0,0,30,9.55,,
,,,,,,,,,,,
Point 5,,,,,,,,,,,
Trees,gbh1,gbh2,gbh3,gbh4,gbh5,gbh6,gbh7,effective.gbh,basal.area,Saplings,Seedlings
Cinnamomum tamala,80,30,0,0,0,0,0,85.4400374532,580.91,Gomphostemma roxburghii,0
Eurya acuminata,39,0,0,0,0,0,0,39,121.04,Litsea sp1,
Ficus sp1,29,0,0,0,0,0,0,29,66.92,,
Alchornea sp1,30,0,0,0,0,0,0,30,71.62,,
Callicarpa arborea,38,26,0,0,0,0,0,46.0434577329,168.7,,
species13,33,0,0,0,0,0,0,33,86.66,,
Alchornea sp1,21,0,0,0,0,0,0,21,35.09,,
Ficus semicordata,75,0,0,0,0,0,0,75,447.62,,
species13,30,0,0,0,0,0,0,30,71.62,,
Callicarpa arborea,32,0,0,0,0,0,0,32,81.49,,
species3,43,0,0,0,0,0,0,43,147.14,,
species3,38,25,0,0,0,0,0,45.4862616622,164.65,,
Helicia sp1,33,0,0,0,0,0,0,33,86.66,,
,,,,,,,,,,,
Point 6,,,,,,,,,,,
Trees,gbh1,gbh2,gbh3,gbh4,gbh5,gbh6,gbh7,effective.gbh,basal.area,Saplings,Seedlings
Lauraceae sp1,80,26,0,0,0,0,0,84.1189633793,563.09,Maesa sp1,Alchornea sp1
species13,13,0,0,0,0,0,0,13,13.45,Maesa sp1,Alchornea sp1
Cinnamomum tamala,32,0,0,0,0,0,0,32,81.49,Maesa sp1,Ficus sp3
Vatica semifera,23,0,0,0,0,0,0,23,42.1,Gomphostemma roxburghii,Gomphostemma roxburghii
Ficus sp3,25,0,0,0,0,0,0,25,49.74,,
Eurya acuminata,33,0,0,0,0,0,0,33,86.66,,
Alchornea sp1,28,0,0,0,0,0,0,28,62.39,,
Alchornea sp1,27,0,0,0,0,0,0,27,58.01,,
Vatica semifera,33,37,0,0,0,0,0,49.578221025,195.6,,
Eurya acuminata,31,0,0,0,0,0,0,31,76.47,,
Engelhardia sp1,40,0,0,0,0,0,0,40,127.32,,
Meliosma sp1,18,0,0,0,0,0,0,18,25.78,,
Cinnamomum tamala,32,0,0,0,0,0,0,32,81.49,,
Eurya acuminata,26,0,0,0,0,0,0,26,53.79,,
Meliosma sp1,33,0,0,0,0,0,0,33,86.66,,
,,,,,,,,,,,
Point 7,,,,,,,,,,,
Trees,gbh1,gbh2,gbh3,gbh4,gbh5,gbh6,gbh7,effective.gbh,basal.area,Saplings,Seedlings
Cinnamomum glaucocens,75,35,40,35,45,45,35,122.2701926064,1189.68,Ficus sp3,Maesa sp1
Eurya acuminata,18,0,0,0,0,0,0,18,25.78,Ficus sp3,Alchornea sp1
Ficus hirta,36,0,0,0,0,0,0,36,103.13,Oxyspora sp1,
Eurya acuminata,30,0,0,0,0,0,0,30,71.62,Oxyspora sp1,
Alchornea sp1,30,16,0,0,0,0,0,34,91.99,,
Cinnamomum tamala,34,0,0,0,0,0,0,34,91.99,,
Eurya acuminata,30,0,0,0,0,0,0,30,71.62,,
Vatica semifera,26,0,0,0,0,0,0,26,53.79,,
Viburnum sp1,30,0,0,0,0,0,0,30,71.62,,
species1,32,0,0,0,0,0,0,32,81.49,,
,,,,,,,,,,,
Point 8,,,,,,,,,,,
Trees,gbh1,gbh2,gbh3,gbh4,gbh5,gbh6,gbh7,effective.gbh,basal.area,Saplings,Seedlings
Oreocnide integrifolia,38,0,0,0,0,0,0,38,114.91,Vatica semifera,0
Engelhardia sp1,58,70,0,0,0,0,0,90.9065454189,657.63,Maesa sp1,
species14,65,65,0,0,0,0,0,91.9238815543,672.43,species22,
Lithocarpus sp1,48,0,0,0,0,0,0,48,183.35,,
Wendlandia paniculata,23,28,0,0,0,0,0,36.235341864,104.48,,
Eurya acuminata,33,0,0,0,0,0,0,33,86.66,,
Quercus sp1,45,50,40,35,40,0,0,94.6044396421,712.22,,
Eurya acuminata,20,22,24,0,0,0,0,38.2099463491,116.18,,
Linociera macrophylla,57,0,0,0,0,0,0,57,258.55,,
,,,,,,,,,,,
Point 9,,,,,,,,,,,
Trees,gbh1,gbh2,gbh3,gbh4,gbh5,gbh6,gbh7,effective.gbh,basal.area,Saplings,Seedlings
Oreocnide integrifolia,36,0,0,0,0,0,0,36,103.13,Maesa sp1,0
Ficus semicordata,70,0,0,0,0,0,0,70,389.93,,
Viburnum sp1,33,0,0,0,0,0,0,33,86.66,,
Oreocnide integrifolia,31,0,0,0,0,0,0,31,76.47,,
Viburnum sp1,27,0,0,0,0,0,0,27,58.01,,
Garcinia pedunculata,63,0,0,0,0,0,0,63,315.84,,
Engelhardia sp1,29,0,0,0,0,0,0,29,66.92,,
Lithocarpus sp1,35,0,0,0,0,0,0,35,97.48,,
,,,,,,,,,,,
Point 10,,,,,,,,,,,
Trees,gbh1,gbh2,gbh3,gbh4,gbh5,gbh6,gbh7,effective.gbh,basal.area,Saplings,Seedlings
Vatica semifera,18,13,0,0,0,0,0,22.2036033112,39.23,0,0
Engelhardia sp1,110,85,79,60,0,0,0,170.7805609547,2320.95,,
Syzigium macrocarpum,96,0,0,0,0,0,0,96,733.38,,
Syzigium macrocarpum,42,0,0,0,0,0,0,42,140.37,,
Syzigium macrocarpum,47,0,0,0,0,0,0,47,175.79,,
Syzigium macrocarpum,22,0,0,0,0,0,0,22,38.52,,
species3,27,20,0,0,0,0,0,33.6005952328,89.84,,
species1,70,0,0,0,0,0,0,70,389.93,,
Garcinia pedunculata,38,0,0,0,0,0,0,38,114.91,,
Syzigium macrocarpum,63,0,0,0,0,0,0,63,315.84,,
Engelhardia sp1,71,0,0,0,0,0,0,71,401.15,,
Ficus sp3,21,0,0,0,0,0,0,21,35.09,,
Ficus sp3,22,0,0,0,0,0,0,22,38.52,,
Ficus sp4,16,0,0,0,0,0,0,16,20.37,,
,,,,,,,,,,,
Point 11,,,,,,,,,,,
Trees,gbh1,gbh2,gbh3,gbh4,gbh5,gbh6,gbh7,effective.gbh,basal.area,Saplings,Seedlings
Ficus semicordata,75,0,0,0,0,0,0,75,447.62,Maesa sp1,0
Ficus semicordata,80,0,0,0,0,0,0,80,509.29,Litsea sp1,
Syzigium macrocarpum,50,42,35,0,0,0,0,74.087785768,436.8,,
Engelhardia sp1,42,0,0,0,0,0,0,42,140.37,,
Ficus semicordata,56,0,0,0,0,0,0,56,249.55,,
species3,23,20,0,0,0,0,0,30.4795013083,73.93,,
species3,28,0,0,0,0,0,0,28,62.39,,
Syzigium macrocarpum,28,0,0,0,0,0,0,28,62.39,,
Meliosma sp1,33,0,0,0,0,0,0,33,86.66,,
Ficus sp3,24,11,0,0,0,0,0,26.4007575649,55.47,,
Callicarpa arborea,18,0,0,0,0,0,0,18,25.78,,
species3,26,0,0,0,0,0,0,26,53.79,,
