"","nest.id","variable","value"
"1","GCG1","occ96",1
"2","GCG10","occ96",0
"3","GCG11","occ96",1
"4","GCG12","occ96",1
"5","GCG13","occ96",0
"6","GCG14","occ96",1
"7","GCG15","occ96",1
"8","GCG16","occ96",1
"9","GCG17","occ96",1
"10","GCG18","occ96",1
"11","GCG19","occ96",1
"12","GCG2","occ96",1
"13","GCG20","occ96",1
"14","GCG21","occ96",1
"15","GCG22","occ96",1
"16","GCG23","occ96",1
"17","GCG24","occ96",1
"18","GCG25","occ96",1
"19","GCG27","occ96",1
"20","GCG28","occ96",1
"21","GCG3","occ96",1
"22","GCG30","occ96",1
"23","GCG31","occ96",1
"24","GCG32","occ96",1
"25","GCG33","occ96",1
"26","GCG34","occ96",1
"27","GCG35","occ96",1
"28","GCG36","occ96",1
"29","GCG37","occ96",1
"30","GCG38","occ96",1
"31","GCG39","occ96",1
"32","GCG4","occ96",1
"33","GCG40","occ96",1
"34","GCG41","occ96",1
"35","GCG42","occ96",1
"36","GCG43","occ96",1
"37","GCG44","occ96",1
"38","GCG45","occ96",1
"43","GCG5","occ96",1
"51","GCG6","occ96",1
"62","GCG7","occ96",1
"74","GCG8","occ96",0
"84","GCG9","occ96",1
"134","MP2","occ96",1
"135","MP9","occ96",1
"152","TG1","occ96",1
"153","TG10","occ96",1
"162","TG11","occ96",1
"163","TG12","occ96",1
"164","TG13","occ96",1
"165","TG14","occ96",1
"166","TG15","occ96",1
"167","TG16","occ96",1
"168","TG2","occ96",1
"169","TG22","occ96",1
"176","TG5","occ96",1
"177","TG6","occ96",1
"178","TG7","occ96",1
"179","TG8","occ96",1
"180","TG9","occ96",1
"369","GCG1","occ97",1
"370","GCG10","occ97",1
"371","GCG11","occ97",1
"372","GCG12","occ97",1
"373","GCG13","occ97",0
"374","GCG14","occ97",1
"375","GCG15","occ97",1
"376","GCG16","occ97",1
"377","GCG17","occ97",1
"378","GCG18","occ97",1
"379","GCG19","occ97",1
"380","GCG2","occ97",1
"381","GCG20","occ97",1
"382","GCG21","occ97",1
"383","GCG22","occ97",1
"384","GCG23","occ97",1
"385","GCG24","occ97",0
"386","GCG25","occ97",1
"387","GCG27","occ97",0
"388","GCG28","occ97",0
"389","GCG3","occ97",1
"390","GCG30","occ97",1
"391","GCG31","occ97",0
"392","GCG32","occ97",0
"393","GCG33","occ97",1
"394","GCG34","occ97",1
"395","GCG35","occ97",1
"396","GCG36","occ97",0
"397","GCG37","occ97",1
"398","GCG38","occ97",1
"399","GCG39","occ97",1
"400","GCG4","occ97",1
"401","GCG40","occ97",0
"402","GCG41","occ97",0
"403","GCG42","occ97",1
"404","GCG43","occ97",1
"405","GCG44","occ97",1
"406","GCG45","occ97",1
"407","GCG46","occ97",1
"408","GCG47","occ97",1
"409","GCG48","occ97",1
"410","GCG49","occ97",1
"411","GCG5","occ97",1
"412","GCG50","occ97",1
"413","GCG51","occ97",1
"414","GCG54","occ97",1
"415","GCG55","occ97",1
"416","GCG56","occ97",1
"417","GCG57","occ97",1
"418","GCG58","occ97",0
"419","GCG6","occ97",1
"420","GCG60","occ97",1
"421","GCG61","occ97",1
"422","GCG62","occ97",1
"423","GCG63","occ97",0
"424","GCG64","occ97",1
"425","GCG65","occ97",1
"426","GCG66","occ97",1
"427","GCG67","occ97",1
"428","GCG68","occ97",1
"429","GCG69","occ97",1
"430","GCG7","occ97",1
"431","GCG70","occ97",1
"432","GCG71","occ97",1
"433","GCG72","occ97",1
"442","GCG8","occ97",0
"452","GCG9","occ97",1
"469","KA1","occ97",1
"470","KA13","occ97",1
"471","KA14","occ97",1
"472","KA17","occ97",1
"473","KA19","occ97",1
"474","KA2","occ97",1
"475","KA20","occ97",1
"476","KA21","occ97",0
"477","KA22","occ97",1
"478","KA23","occ97",1
"479","KA24","occ97",1
"480","KA25","occ97",1
"481","KA26","occ97",0
"482","KA27","occ97",1
"483","KA29","occ97",1
"484","KA3","occ97",1
"485","KA30","occ97",1
"486","KA32","occ97",1
"487","KA33","occ97",1
"488","KA34","occ97",1
"489","KA36","occ97",1
"490","KA37","occ97",1
"491","KA4","occ97",1
"492","KA42","occ97",1
"493","KA45","occ97",1
"494","KA48","occ97",0
"495","KA49","occ97",1
"496","KA5","occ97",1
"497","KA50","occ97",0
"498","KA6","occ97",1
"499","KA7","occ97",1
"500","KA8","occ97",1
"501","KA9","occ97",1
"502","MP2","occ97",1
"503","MP9","occ97",1
"504","PF1","occ97",1
"506","PF3","occ97",1
"507","PF4","occ97",1
"508","PF5","occ97",1
"509","PF6","occ97",1
"510","PF7","occ97",1
"520","TG1","occ97",0
"521","TG10","occ97",1
"522","TG100","occ97",1
"523","TG101","occ97",1
"524","TG102","occ97",0
"525","TG103","occ97",1
"526","TG104","occ97",1
"527","TG105","occ97",1
"528","TG106","occ97",1
"529","TG107","occ97",1
"530","TG11","occ97",1
"531","TG12","occ97",1
"532","TG13","occ97",1
"533","TG14","occ97",1
"534","TG15","occ97",1
"535","TG16","occ97",0
"536","TG2","occ97",1
"537","TG22","occ97",1
"538","TG23","occ97",1
"539","TG24","occ97",1
"540","TG25","occ97",1
"541","TG26","occ97",1
"542","TG27","occ97",1
"543","TG28","occ97",1
"544","TG5","occ97",1
"545","TG6","occ97",1
"546","TG7","occ97",1
"547","TG8","occ97",1
"548","TG9","occ97",1
"737","GCG1","occ98",0
"738","GCG10","occ98",1
"739","GCG11","occ98",1
"740","GCG12","occ98",1
"741","GCG13","occ98",0
"742","GCG14","occ98",0
"743","GCG15","occ98",0
"744","GCG16","occ98",0
"745","GCG17","occ98",0
"746","GCG18","occ98",0
"747","GCG19","occ98",0
"748","GCG2","occ98",1
"749","GCG20","occ98",0
"750","GCG21","occ98",0
"751","GCG22","occ98",0
"752","GCG23","occ98",0
"753","GCG24","occ98",0
"754","GCG25","occ98",1
"755","GCG27","occ98",1
"756","GCG28","occ98",1
"757","GCG3","occ98",0
"758","GCG30","occ98",1
"759","GCG31","occ98",1
"760","GCG32","occ98",0
"761","GCG33","occ98",1
"762","GCG34","occ98",0
"763","GCG35","occ98",0
"764","GCG36","occ98",0
"765","GCG37","occ98",0
"766","GCG38","occ98",0
"767","GCG39","occ98",0
"768","GCG4","occ98",1
"769","GCG40","occ98",1
"770","GCG41","occ98",0
"771","GCG42","occ98",0
"772","GCG43","occ98",1
"773","GCG44","occ98",1
"774","GCG45","occ98",1
"775","GCG46","occ98",0
"776","GCG47","occ98",0
"777","GCG48","occ98",0
"778","GCG49","occ98",1
"779","GCG5","occ98",0
"780","GCG50","occ98",0
"781","GCG51","occ98",0
"782","GCG54","occ98",0
"783","GCG55","occ98",1
"784","GCG56","occ98",1
"785","GCG57","occ98",1
"786","GCG58","occ98",0
"787","GCG6","occ98",0
"788","GCG60","occ98",1
"789","GCG61","occ98",0
"790","GCG62","occ98",1
"791","GCG63","occ98",0
"792","GCG64","occ98",1
"793","GCG65","occ98",0
"794","GCG66","occ98",0
"795","GCG67","occ98",0
"796","GCG68","occ98",0
"797","GCG69","occ98",0
"798","GCG7","occ98",1
"799","GCG70","occ98",1
"800","GCG71","occ98",0
"801","GCG72","occ98",0
"802","GCG73","occ98",1
"803","GCG74","occ98",1
"804","GCG74.5","occ98",1
"805","GCG75","occ98",1
"806","GCG76","occ98",1
"807","GCG77","occ98",1
"808","GCG78","occ98",1
"809","GCG79","occ98",1
"810","GCG8","occ98",1
"811","GCG80","occ98",1
"812","GCG81","occ98",1
"813","GCG82","occ98",1
"814","GCG83","occ98",1
"815","GCG85","occ98",1
"816","GCG86","occ98",1
"817","GCG87","occ98",1
"818","GCG88","occ98",1
"819","GCG89","occ98",1
"820","GCG9","occ98",1
"821","GCG90","occ98",1
"837","KA1","occ98",0
"838","KA13","occ98",1
"839","KA14","occ98",0
"840","KA17","occ98",0
"841","KA19","occ98",0
"842","KA2","occ98",1
"843","KA20","occ98",0
"844","KA21","occ98",0
"845","KA22","occ98",0
"846","KA23","occ98",1
"847","KA24","occ98",1
"848","KA25","occ98",1
"849","KA26","occ98",0
"850","KA27","occ98",1
"851","KA29","occ98",0
"852","KA3","occ98",0
"853","KA30","occ98",1
"854","KA32","occ98",1
"855","KA33","occ98",0
"856","KA34","occ98",1
"857","KA36","occ98",0
"858","KA37","occ98",1
"859","KA4","occ98",1
"860","KA42","occ98",0
"861","KA45","occ98",0
"862","KA48","occ98",0
"863","KA49","occ98",1
"864","KA5","occ98",1
"865","KA50","occ98",0
"866","KA6","occ98",1
"867","KA7","occ98",1
"868","KA8","occ98",1
"869","KA9","occ98",0
"870","MP2","occ98",0
"871","MP9","occ98",0
"872","PF1","occ98",0
"874","PF3","occ98",0
"875","PF4","occ98",1
"876","PF5","occ98",0
"877","PF6","occ98",0
"878","PF7","occ98",0
"888","TG1","occ98",1
"889","TG10","occ98",1
"890","TG100","occ98",0
"891","TG101","occ98",0
"892","TG102","occ98",0
"893","TG103","occ98",1
"894","TG104","occ98",0
"895","TG105","occ98",1
"896","TG106","occ98",1
"897","TG107","occ98",1
"898","TG11","occ98",1
"899","TG12","occ98",1
"900","TG13","occ98",1
"901","TG14","occ98",1
"902","TG15","occ98",1
"903","TG16","occ98",0
"904","TG2","occ98",1
"905","TG22","occ98",1
"906","TG23","occ98",0
"907","TG24","occ98",0
"908","TG25","occ98",0
"909","TG26","occ98",0
"910","TG27","occ98",0
"911","TG28","occ98",1
"912","TG5","occ98",1
"913","TG6","occ98",0
"914","TG7","occ98",0
"915","TG8","occ98",1
"916","TG9","occ98",1
"1105","GCG1","occ99",1
"1106","GCG10","occ99",1
"1107","GCG11","occ99",1
"1108","GCG12","occ99",1
"1109","GCG13","occ99",-1
"1110","GCG14","occ99",1
"1111","GCG15","occ99",1
"1112","GCG16","occ99",1
"1113","GCG17","occ99",1
"1114","GCG18","occ99",1
"1115","GCG19","occ99",0
"1116","GCG2","occ99",1
"1117","GCG20","occ99",0
"1118","GCG21","occ99",1
"1119","GCG22","occ99",1
"1120","GCG23","occ99",1
"1121","GCG24","occ99",1
"1122","GCG25","occ99",1
"1123","GCG27","occ99",1
"1124","GCG28","occ99",1
"1125","GCG3","occ99",0
"1126","GCG30","occ99",1
"1127","GCG31","occ99",0
"1128","GCG32","occ99",0
"1129","GCG33","occ99",1
"1130","GCG34","occ99",1
"1131","GCG35","occ99",0
"1132","GCG36","occ99",0
"1133","GCG37","occ99",0
"1134","GCG38","occ99",0
"1135","GCG39","occ99",1
"1136","GCG4","occ99",1
"1137","GCG40","occ99",1
"1138","GCG41","occ99",0
"1139","GCG42","occ99",1
"1140","GCG43","occ99",-1
"1141","GCG44","occ99",1
"1142","GCG45","occ99",1
"1143","GCG46","occ99",1
"1144","GCG47","occ99",1
"1145","GCG48","occ99",0
"1146","GCG49","occ99",0
"1147","GCG5","occ99",0
"1148","GCG50","occ99",0
"1149","GCG51","occ99",1
"1150","GCG54","occ99",1
"1151","GCG55","occ99",1
"1152","GCG56","occ99",1
"1153","GCG57","occ99",1
"1154","GCG58","occ99",1
"1155","GCG6","occ99",-1
"1156","GCG60","occ99",1
"1157","GCG61","occ99",0
"1158","GCG62","occ99",0
"1159","GCG63","occ99",0
"1160","GCG64","occ99",1
"1161","GCG65","occ99",1
"1162","GCG66","occ99",1
"1163","GCG67","occ99",1
"1164","GCG68","occ99",0
"1165","GCG69","occ99",1
"1166","GCG7","occ99",0
"1167","GCG70","occ99",1
"1168","GCG71","occ99",0
"1169","GCG72","occ99",1
"1170","GCG73","occ99",1
"1171","GCG74","occ99",1
"1172","GCG74.5","occ99",1
"1173","GCG75","occ99",1
"1174","GCG76","occ99",1
"1175","GCG77","occ99",1
"1176","GCG78","occ99",1
"1177","GCG79","occ99",1
"1178","GCG8","occ99",1
"1179","GCG80","occ99",1
"1180","GCG81","occ99",1
"1181","GCG82","occ99",1
"1182","GCG83","occ99",1
"1183","GCG85","occ99",-1
"1184","GCG86","occ99",1
"1185","GCG87","occ99",0
"1186","GCG88","occ99",1
"1187","GCG89","occ99",-1
"1188","GCG9","occ99",1
"1189","GCG90","occ99",0
"1190","GCG91","occ99",1
"1191","GCG92","occ99",0
"1192","JCS1","occ99",1
"1193","JCS10","occ99",1
"1194","JCS11","occ99",1
"1195","JCS12","occ99",1
"1196","JCS13","occ99",1
"1197","JCS2","occ99",1
"1198","JCS3","occ99",1
"1199","JCS4","occ99",1
"1200","JCS5","occ99",1
"1201","JCS6","occ99",1
"1202","JCS7","occ99",1
"1203","JCS8","occ99",1
"1204","JCS9","occ99",1
"1205","KA1","occ99",1
"1206","KA13","occ99",1
"1207","KA14","occ99",1
"1208","KA17","occ99",1
"1209","KA19","occ99",1
"1210","KA2","occ99",1
"1211","KA20","occ99",0
"1212","KA21","occ99",1
"1213","KA22","occ99",0
"1214","KA23","occ99",1
"1215","KA24","occ99",1
"1216","KA25","occ99",0
"1217","KA26","occ99",-1
"1218","KA27","occ99",1
"1219","KA29","occ99",0
"1220","KA3","occ99",1
"1221","KA30","occ99",1
"1222","KA32","occ99",1
"1223","KA33","occ99",0
"1224","KA34","occ99",1
"1225","KA36","occ99",1
"1226","KA37","occ99",0
"1227","KA4","occ99",1
"1228","KA42","occ99",0
"1229","KA45","occ99",1
"1230","KA48","occ99",0
"1231","KA49","occ99",1
"1232","KA5","occ99",1
"1233","KA50","occ99",1
"1234","KA6","occ99",1
"1235","KA7","occ99",-1
"1236","KA8","occ99",0
"1237","KA9","occ99",1
"1238","MP2","occ99",1
"1239","MP9","occ99",0
"1240","PF1","occ99",1
"1242","PF3","occ99",1
"1243","PF4","occ99",1
"1244","PF5","occ99",0
"1245","PF6","occ99",1
"1246","PF7","occ99",1
"1256","TG1","occ99",1
"1257","TG10","occ99",0
"1258","TG100","occ99",0
"1259","TG101","occ99",1
"1260","TG102","occ99",1
"1261","TG103","occ99",1
"1262","TG104","occ99",1
"1263","TG105","occ99",-1
"1264","TG106","occ99",1
"1265","TG107","occ99",1
"1266","TG11","occ99",1
"1267","TG12","occ99",1
"1268","TG13","occ99",1
"1269","TG14","occ99",1
"1270","TG15","occ99",1
"1271","TG16","occ99",1
"1272","TG2","occ99",1
"1273","TG22","occ99",1
"1274","TG23","occ99",0
"1275","TG24","occ99",1
"1276","TG25","occ99",1
"1277","TG26","occ99",0
"1278","TG27","occ99",1
"1279","TG28","occ99",0
"1280","TG5","occ99",1
"1281","TG6","occ99",0
"1282","TG7","occ99",-1
"1283","TG8","occ99",0
"1284","TG9","occ99",1
"1285","WBK1","occ99",0
"1286","WBK10","occ99",0
"1297","WBK11","occ99",1
"1308","WBK12","occ99",1
"1319","WBK13","occ99",1
"1330","WBK14","occ99",1
"1340","WBK15","occ99",1
"1351","WBK16","occ99",1
"1362","WBK17","occ99",1
"1373","WBK18","occ99",1
"1375","WBK19","occ99",1
"1376","WBK2","occ99",1
"1377","WBK20","occ99",0
"1378","WBK21","occ99",1
"1379","WBK22","occ99",1
"1380","WBK23","occ99",1
"1381","WBK24","occ99",1
"1382","WBK25","occ99",1
"1383","WBK26","occ99",0
"1384","WBK27","occ99",1
"1385","WBK28","occ99",1
"1386","WBK29","occ99",1
"1387","WBK3","occ99",1
"1388","WBK30","occ99",1
"1389","WBK31","occ99",1
"1390","WBK32","occ99",1
"1391","WBK33","occ99",1
"1392","WBK34","occ99",0
"1393","WBK35","occ99",0
"1394","WBK36","occ99",1
"1395","WBK37","occ99",0
"1396","WBK38","occ99",1
"1397","WBK39","occ99",1
"1398","WBK4","occ99",1
"1399","WBK40","occ99",1
"1400","WBK41","occ99",1
"1401","WBK42","occ99",1
"1402","WBK43","occ99",1
"1403","WBK44","occ99",1
"1404","WBK45","occ99",1
"1405","WBK46","occ99",1
"1406","WBK47","occ99",1
"1407","WBK48","occ99",1
"1408","WBK49","occ99",1
"1409","WBK5","occ99",1
"1410","WBK50","occ99",1
"1411","WBK51","occ99",1
"1412","WBK52","occ99",1
"1413","WBK53","occ99",1
"1414","WBK54","occ99",0
"1415","WBK55","occ99",1
"1416","WBK56","occ99",1
"1417","WBK57","occ99",1
"1418","WBK58","occ99",1
"1419","WBK59","occ99",1
"1420","WBK6","occ99",0
"1421","WBK60","occ99",1
"1422","WBK61","occ99",1
"1423","WBK62","occ99",1
"1424","WBK63","occ99",1
"1425","WBK64","occ99",1
"1426","WBK65","occ99",1
"1427","WBK66","occ99",1
"1428","WBK67","occ99",1
"1429","WBK68","occ99",1
"1430","WBK69","occ99",1
"1431","WBK7","occ99",0
"1432","WBK70","occ99",1
"1433","WBK71","occ99",1
"1434","WBK72","occ99",0
"1435","WBK73","occ99",1
"1436","WBK74","occ99",1
"1437","WBK75","occ99",1
"1438","WBK76","occ99",1
"1439","WBK77","occ99",0
"1440","WBK78","occ99",1
"1441","WBK79","occ99",1
"1442","WBK8","occ99",0
"1443","WBK80","occ99",1
"1444","WBK81","occ99",1
"1445","WBK82","occ99",0
"1446","WBK83","occ99",0
"1453","WBK9","occ99",1
"1473","GCG1","occ00",1
"1474","GCG10","occ00",1
"1475","GCG11","occ00",1
"1476","GCG12","occ00",0
"1477","GCG13","occ00",1
"1478","GCG14","occ00",1
"1479","GCG15","occ00",1
"1480","GCG16","occ00",0
"1481","GCG17","occ00",1
"1482","GCG18","occ00",1
"1483","GCG19","occ00",0
"1484","GCG2","occ00",1
"1485","GCG20","occ00",0
"1486","GCG21","occ00",0
"1487","GCG22","occ00",0
"1488","GCG23","occ00",1
"1489","GCG24","occ00",1
"1490","GCG25","occ00",1
"1491","GCG27","occ00",0
"1492","GCG28","occ00",0
"1493","GCG3","occ00",0
"1494","GCG30","occ00",1
"1495","GCG31","occ00",1
"1496","GCG32","occ00",1
"1497","GCG33","occ00",1
"1498","GCG34","occ00",1
"1499","GCG35","occ00",1
"1500","GCG36","occ00",1
"1501","GCG37","occ00",0
"1502","GCG38","occ00",-1
"1503","GCG39","occ00",1
"1504","GCG4","occ00",1
"1505","GCG40","occ00",0
"1506","GCG41","occ00",0
"1507","GCG42","occ00",1
"1508","GCG43","occ00",-1
"1509","GCG44","occ00",0
"1510","GCG45","occ00",0
"1511","GCG46","occ00",0
"1512","GCG47","occ00",1
"1513","GCG48","occ00",0
"1514","GCG49","occ00",1
"1515","GCG5","occ00",1
"1516","GCG50","occ00",1
"1517","GCG51","occ00",1
"1518","GCG54","occ00",0
"1519","GCG55","occ00",1
"1520","GCG56","occ00",1
"1521","GCG57","occ00",0
"1522","GCG58","occ00",1
"1523","GCG6","occ00",0
"1524","GCG60","occ00",0
"1525","GCG61","occ00",1
"1526","GCG62","occ00",1
"1527","GCG63","occ00",0
"1528","GCG64","occ00",0
"1529","GCG65","occ00",1
"1530","GCG66","occ00",0
"1531","GCG67","occ00",0
"1532","GCG68","occ00",0
"1533","GCG69","occ00",1
"1534","GCG7","occ00",1
"1535","GCG70","occ00",0
"1536","GCG71","occ00",0
"1537","GCG72","occ00",0
"1538","GCG73","occ00",0
"1539","GCG74","occ00",0
"1540","GCG74.5","occ00",1
"1541","GCG75","occ00",1
"1542","GCG76","occ00",1
"1543","GCG77","occ00",0
"1544","GCG78","occ00",0
"1545","GCG79","occ00",0
"1546","GCG8","occ00",0
"1547","GCG80","occ00",1
"1548","GCG81","occ00",1
"1549","GCG82","occ00",1
"1550","GCG83","occ00",1
"1551","GCG85","occ00",-1
"1552","GCG86","occ00",1
"1553","GCG87","occ00",0
"1554","GCG88","occ00",1
"1555","GCG89","occ00",0
"1556","GCG9","occ00",1
"1557","GCG90","occ00",0
"1558","GCG91","occ00",1
"1559","GCG92","occ00",0
"1560","JCS1","occ00",0
"1561","JCS10","occ00",1
"1562","JCS11","occ00",1
"1563","JCS12","occ00",0
"1564","JCS13","occ00",1
"1565","JCS2","occ00",1
"1566","JCS3","occ00",1
"1567","JCS4","occ00",0
"1568","JCS5","occ00",1
"1569","JCS6","occ00",0
"1570","JCS7","occ00",1
"1571","JCS8","occ00",0
"1572","JCS9","occ00",1
"1573","KA1","occ00",0
"1574","KA13","occ00",1
"1575","KA14","occ00",0
"1576","KA17","occ00",1
"1577","KA19","occ00",1
"1578","KA2","occ00",1
"1579","KA20","occ00",1
"1580","KA21","occ00",1
"1581","KA22","occ00",0
"1582","KA23","occ00",1
"1583","KA24","occ00",1
"1584","KA25","occ00",1
"1585","KA26","occ00",0
"1586","KA27","occ00",1
"1587","KA29","occ00",0
"1588","KA3","occ00",0
"1589","KA30","occ00",1
"1590","KA32","occ00",0
"1591","KA33","occ00",0
"1592","KA34","occ00",0
"1593","KA36","occ00",0
"1594","KA37","occ00",0
"1595","KA4","occ00",0
"1596","KA42","occ00",0
"1597","KA45","occ00",0
"1598","KA48","occ00",0
"1599","KA49","occ00",1
"1600","KA5","occ00",1
"1601","KA50","occ00",1
"1602","KA6","occ00",1
"1603","KA7","occ00",-1
"1604","KA8","occ00",0
"1605","KA9","occ00",1
"1606","MP2","occ00",1
"1607","MP9","occ00",0
"1608","PF1","occ00",-1
"1610","PF3","occ00",1
"1611","PF4","occ00",1
"1612","PF5","occ00",1
"1613","PF6","occ00",1
"1614","PF7","occ00",1
"1624","TG1","occ00",0
"1625","TG10","occ00",0
"1626","TG100","occ00",0
"1627","TG101","occ00",1
"1628","TG102","occ00",1
"1629","TG103","occ00",-1
"1630","TG104","occ00",1
"1631","TG105","occ00",1
"1632","TG106","occ00",1
"1633","TG107","occ00",0
"1634","TG11","occ00",0
"1635","TG12","occ00",1
"1636","TG13","occ00",0
"1637","TG14","occ00",1
"1638","TG15","occ00",1
"1639","TG16","occ00",0
"1640","TG2","occ00",1
"1641","TG22","occ00",0
"1642","TG23","occ00",0
"1643","TG24","occ00",0
"1644","TG25","occ00",0
"1645","TG26","occ00",0
"1646","TG27","occ00",1
"1647","TG28","occ00",0
"1648","TG5","occ00",0
"1649","TG6","occ00",0
"1650","TG7","occ00",1
"1651","TG8","occ00",1
"1652","TG9","occ00",0
"1653","WBK1","occ00",0
"1654","WBK10","occ00",0
"1655","WBK100","occ00",0
"1656","WBK101","occ00",1
"1657","WBK102","occ00",1
"1658","WBK103","occ00",1
"1659","WBK104","occ00",1
"1660","WBK105","occ00",1
"1661","WBK106","occ00",0
"1662","WBK107","occ00",1
"1663","WBK108","occ00",1
"1664","WBK109","occ00",1
"1665","WBK11","occ00",1
"1666","WBK110","occ00",1
"1667","WBK111","occ00",1
"1668","WBK112","occ00",1
"1669","WBK113","occ00",1
"1670","WBK114","occ00",1
"1671","WBK115","occ00",1
"1672","WBK116","occ00",1
"1673","WBK117","occ00",1
"1674","WBK118","occ00",1
"1675","WBK119","occ00",1
"1676","WBK12","occ00",1
"1677","WBK120","occ00",1
"1678","WBK121","occ00",1
"1679","WBK122","occ00",1
"1680","WBK123","occ00",1
"1681","WBK124","occ00",1
"1682","WBK125","occ00",1
"1683","WBK126","occ00",1
"1684","WBK127","occ00",1
"1685","WBK128","occ00",0
"1686","WBK129","occ00",1
"1687","WBK13","occ00",0
"1688","WBK130","occ00",1
"1689","WBK131","occ00",0
"1690","WBK132","occ00",1
"1691","WBK133","occ00",1
"1692","WBK134","occ00",1
"1693","WBK135","occ00",0
"1694","WBK136","occ00",1
"1695","WBK137","occ00",1
"1696","WBK138","occ00",0
"1697","WBK139","occ00",1
"1698","WBK14","occ00",0
"1699","WBK140","occ00",1
"1700","WBK141","occ00",1
"1701","WBK142","occ00",1
"1702","WBK143","occ00",1
"1703","WBK145","occ00",1
"1704","WBK146","occ00",1
"1705","WBK147","occ00",1
"1706","WBK148","occ00",1
"1707","WBK149","occ00",1
"1708","WBK15","occ00",0
"1709","WBK150","occ00",1
"1710","WBK151","occ00",1
"1711","WBK152","occ00",0
"1712","WBK153","occ00",1
"1713","WBK154","occ00",1
"1714","WBK155","occ00",1
"1715","WBK156","occ00",1
"1716","WBK157","occ00",1
"1717","WBK158","occ00",1
"1718","WBK159","occ00",1
"1719","WBK16","occ00",1
"1720","WBK160","occ00",1
"1721","WBK161","occ00",1
"1722","WBK162","occ00",1
"1723","WBK163","occ00",1
"1724","WBK164","occ00",1
"1725","WBK165","occ00",1
"1726","WBK166","occ00",1
"1727","WBK167","occ00",0
"1728","WBK168","occ00",1
"1729","WBK169","occ00",1
"1730","WBK17","occ00",0
"1731","WBK170","occ00",1
"1732","WBK171","occ00",1
"1733","WBK172","occ00",1
"1734","WBK173","occ00",1
"1735","WBK174","occ00",1
"1736","WBK175","occ00",1
"1737","WBK176","occ00",1
"1738","WBK177","occ00",1
"1739","WBK178","occ00",1
"1740","WBK179","occ00",1
"1741","WBK18","occ00",1
"1742","WBK180","occ00",1
"1743","WBK19","occ00",1
"1744","WBK2","occ00",1
"1745","WBK20","occ00",1
"1746","WBK21","occ00",1
"1747","WBK22","occ00",1
"1748","WBK23","occ00",1
"1749","WBK24","occ00",0
"1750","WBK25","occ00",1
"1751","WBK26","occ00",1
"1752","WBK27","occ00",1
"1753","WBK28","occ00",1
"1754","WBK29","occ00",1
"1755","WBK3","occ00",1
"1756","WBK30","occ00",0
"1757","WBK31","occ00",0
"1758","WBK32","occ00",1
"1759","WBK33","occ00",1
"1760","WBK34","occ00",0
"1761","WBK35","occ00",1
"1762","WBK36","occ00",1
"1763","WBK37","occ00",0
"1764","WBK38","occ00",1
"1765","WBK39","occ00",1
"1766","WBK4","occ00",1
"1767","WBK40","occ00",1
"1768","WBK41","occ00",1
"1769","WBK42","occ00",0
"1770","WBK43","occ00",1
"1771","WBK44","occ00",1
"1772","WBK45","occ00",1
"1773","WBK46","occ00",1
"1774","WBK47","occ00",1
"1775","WBK48","occ00",1
"1776","WBK49","occ00",1
"1777","WBK5","occ00",1
"1778","WBK50","occ00",1
"1779","WBK51","occ00",0
"1780","WBK52","occ00",1
"1781","WBK53","occ00",0
"1782","WBK54","occ00",1
"1783","WBK55","occ00",1
"1784","WBK56","occ00",1
"1785","WBK57","occ00",1
"1786","WBK58","occ00",1
"1787","WBK59","occ00",1
"1788","WBK6","occ00",0
"1789","WBK60","occ00",1
"1790","WBK61","occ00",1
"1791","WBK62","occ00",0
"1792","WBK63","occ00",1
"1793","WBK64","occ00",1
"1794","WBK65","occ00",1
"1795","WBK66","occ00",1
"1796","WBK67","occ00",0
"1797","WBK68","occ00",1
"1798","WBK69","occ00",0
"1799","WBK7","occ00",0
"1800","WBK70","occ00",0
"1801","WBK71","occ00",1
"1802","WBK72","occ00",1
"1803","WBK73","occ00",1
"1804","WBK74","occ00",0
"1805","WBK75","occ00",0
"1806","WBK76","occ00",0
"1807","WBK77","occ00",0
"1808","WBK78","occ00",1
"1809","WBK79","occ00",1
"1810","WBK8","occ00",0
"1811","WBK80","occ00",1
"1812","WBK81","occ00",1
"1813","WBK82","occ00",0
"1814","WBK83","occ00",1
"1815","WBK84","occ00",1
"1816","WBK85","occ00",1
"1817","WBK86","occ00",1
"1818","WBK87","occ00",1
"1819","WBK88","occ00",0
"1820","WBK89","occ00",1
"1821","WBK9","occ00",1
"1822","WBK90","occ00",0
"1823","WBK91","occ00",1
"1824","WBK92","occ00",1
"1825","WBK93","occ00",1
"1826","WBK94","occ00",1
"1827","WBK95","occ00",1
"1828","WBK96","occ00",1
"1829","WBK97","occ00",1
"1830","WBK98","occ00",0
"1831","WBK99","occ00",1
"1832","WCW1","occ00",1
"1833","WCW2","occ00",0
"1834","WCW3","occ00",1
"1835","WCW32","occ00",1
"1836","WCW35","occ00",1
"1837","WCW4","occ00",0
"1838","WCW5","occ00",1
"1839","WCW6","occ00",-1
"1840","WCW82","occ00",1
"1846","GCG14","egg96",2
"1848","GCG16","egg96",1
"1849","GCG17","egg96",5
"1850","GCG18","egg96",2
"1852","GCG2","egg96",2
"1856","GCG23","egg96",1
"1862","GCG30","egg96",3
"1864","GCG32","egg96",5
"1866","GCG34","egg96",2
"1868","GCG36","egg96",1
"1869","GCG37","egg96",1
"1870","GCG38","egg96",2
"1872","GCG4","egg96",3
"1924","GCG9","egg96",2
"2004","TG13","egg96",3
"2005","TG14","egg96",3
"2016","TG5","egg96",5
"2210","GCG10","egg97",1
"2212","GCG12","egg97",4
"2217","GCG17","egg97",2
"2220","GCG2","egg97",2
"2222","GCG21","egg97",5
"2224","GCG23","egg97",2
"2226","GCG25","egg97",1
"2229","GCG3","egg97",6
"2230","GCG30","egg97",5
"2233","GCG33","egg97",5
"2237","GCG37","egg97",5
"2243","GCG42","egg97",4
"2245","GCG44","egg97",1
"2248","GCG47","egg97",3
"2250","GCG49","egg97",3
"2251","GCG5","egg97",4
"2253","GCG51","egg97",1
"2255","GCG55","egg97",4
"2256","GCG56","egg97",4
"2257","GCG57","egg97",6
"2258","GCG58","egg97",4
"2261","GCG61","egg97",2
"2263","GCG63","egg97",1
"2265","GCG65","egg97",2
"2266","GCG66","egg97",1
"2270","GCG7","egg97",1
"2272","GCG71","egg97",1
"2310","KA13","egg97",2
"2311","KA14","egg97",2
"2312","KA17","egg97",3
"2313","KA19","egg97",3
"2315","KA20","egg97",2
"2317","KA22","egg97",2
"2318","KA23","egg97",3
"2319","KA24","egg97",2
"2322","KA27","egg97",2
"2323","KA29","egg97",2
"2324","KA3","egg97",3
"2325","KA30","egg97",3
"2326","KA32","egg97",1
"2327","KA33","egg97",1
"2328","KA34","egg97",3
"2329","KA36","egg97",3
"2330","KA37","egg97",4
"2331","KA4","egg97",1
"2332","KA42","egg97",2
"2333","KA45","egg97",2
"2335","KA49","egg97",4
"2336","KA5","egg97",3
"2338","KA6","egg97",4
"2340","KA8","egg97",2
"2341","KA9","egg97",1
"2343","MP9","egg97",2
"2362","TG100","egg97",1
"2363","TG101","egg97",2
"2365","TG103","egg97",5
"2366","TG104","egg97",3
"2367","TG105","egg97",3
"2368","TG106","egg97",2
"2369","TG107","egg97",2
"2371","TG12","egg97",6
"2372","TG13","egg97",4
"2374","TG15","egg97",2
"2379","TG24","egg97",1
"2380","TG25","egg97",4
"2384","TG5","egg97",3
"2387","TG8","egg97",2
"2388","TG9","egg97",1
"2579","GCG11","egg98",2
"2588","GCG2","egg98",1
"2598","GCG30","egg98",6
"2609","GCG40","egg98",5
"2618","GCG49","egg98",2
"2624","GCG56","egg98",1
"2625","GCG57","egg98",3
"2626","GCG58","egg98",6
"2633","GCG65","egg98",4
"2639","GCG70","egg98",1
"2643","GCG74","egg98",3
"2644","GCG74.5","egg98",2
"2646","GCG76","egg98",1
"2651","GCG80","egg98",1
"2652","GCG81","egg98",3
"2657","GCG87","egg98",2
"2658","GCG88","egg98",2
"2659","GCG89","egg98",2
"2660","GCG9","egg98",2
"2686","KA23","egg98",1
"2687","KA24","egg98",5
"2690","KA27","egg98",4
"2693","KA30","egg98",4
"2698","KA37","egg98",4
"2699","KA4","egg98",1
"2703","KA49","egg98",2
"2708","KA8","egg98",6
"2728","TG1","egg98",2
"2729","TG10","egg98",2
"2735","TG105","egg98",5
"2736","TG106","egg98",7
"2739","TG12","egg98",5
"2744","TG2","egg98",1
"2958","GCG21","egg99",4
"2966","GCG30","egg99",3
"2970","GCG34","egg99",5
"2976","GCG4","egg99",4
"2979","GCG42","egg99",5
"2981","GCG44","egg99",2
"2992","GCG56","egg99",2
"3005","GCG69","egg99",6
"3022","GCG83","egg99",4
"3028","GCG9","egg99",5
"3030","GCG91","egg99",4
"3032","JCS1","egg99",6
"3034","JCS11","egg99",5
"3036","JCS13","egg99",5
"3038","JCS3","egg99",4
"3039","JCS4","egg99",3
"3042","JCS7","egg99",5
"3044","JCS9","egg99",2
"3047","KA14","egg99",3
"3048","KA17","egg99",6
"3052","KA21","egg99",4
"3058","KA27","egg99",5
"3060","KA3","egg99",6
"3061","KA30","egg99",5
"3071","KA49","egg99",4
"3077","KA9","egg99",5
"3082","PF3","egg99",6
"3083","PF4","egg99",6
"3086","PF7","egg99",5
"3101","TG103","egg99",6
"3102","TG104","egg99",6
"3104","TG106","egg99",5
"3107","TG12","egg99",6
"3137","WBK11","egg99",5
"3148","WBK12","egg99",3
"3216","WBK2","egg99",1
"3218","WBK21","egg99",5
"3226","WBK29","egg99",6
"3229","WBK31","egg99",5
"3230","WBK32","egg99",4
"3236","WBK38","egg99",4
"3237","WBK39","egg99",6
"3239","WBK40","egg99",5
"3240","WBK41","egg99",3
"3241","WBK42","egg99",5
"3245","WBK46","egg99",4
"3249","WBK5","egg99",6
"3251","WBK51","egg99",5
"3255","WBK55","egg99",5
"3257","WBK57","egg99",4
"3258","WBK58","egg99",6
"3262","WBK61","egg99",2
"3263","WBK62","egg99",1
"3264","WBK63","egg99",6
"3265","WBK64","egg99",2
"3266","WBK65","egg99",5
"3268","WBK67","egg99",2
"3269","WBK68","egg99",6
"3272","WBK70","egg99",3
"3273","WBK71","egg99",4
"3276","WBK74","egg99",5
"3280","WBK78","egg99",4
"3324","GCG2","egg00",4
"3362","GCG58","egg00",3
"3390","GCG83","egg00",5
"3412","JCS9","egg00",6
"3417","KA19","egg00",5
"3420","KA21","egg00",6
"3426","KA27","egg00",5
"3451","PF4","egg00",1
"3454","PF7","egg00",5
"3470","TG104","egg00",5
"3471","TG105","egg00",5
"3475","TG12","egg00",4
"3477","TG14","egg00",4
"3490","TG7","egg00",8
"3500","WBK105","egg00",6
"3503","WBK108","egg00",5
"3505","WBK11","egg00",4
"3507","WBK111","egg00",4
"3509","WBK113","egg00",5
"3510","WBK114","egg00",4
"3511","WBK115","egg00",4
"3512","WBK116","egg00",6
"3513","WBK117","egg00",4
"3516","WBK12","egg00",4
"3517","WBK120","egg00",4
"3518","WBK121","egg00",5
"3521","WBK124","egg00",5
"3523","WBK126","egg00",5
"3524","WBK127","egg00",4
"3526","WBK129","egg00",4
"3531","WBK133","egg00",3
"3532","WBK134","egg00",5
"3535","WBK137","egg00",5
"3539","WBK140","egg00",6
"3542","WBK143","egg00",7
"3545","WBK147","egg00",4
"3546","WBK148","egg00",6
"3552","WBK153","egg00",4
"3555","WBK156","egg00",5
"3557","WBK158","egg00",5
"3559","WBK16","egg00",2
"3560","WBK160","egg00",3
"3561","WBK161","egg00",5
"3566","WBK166","egg00",4
"3568","WBK168","egg00",5
"3569","WBK169","egg00",5
"3572","WBK171","egg00",5
"3575","WBK174","egg00",4
"3581","WBK18","egg00",4
"3583","WBK19","egg00",5
"3598","WBK32","egg00",5
"3607","WBK40","egg00",4
"3620","WBK52","egg00",5
"3623","WBK55","egg00",3
"3630","WBK61","egg00",5
"3634","WBK65","egg00",4
"3637","WBK68","egg00",6
"3648","WBK78","egg00",5
"3649","WBK79","egg00",4
"3651","WBK80","egg00",5
"3657","WBK86","egg00",2
"3658","WBK87","egg00",6
"3660","WBK89","egg00",3
"3661","WBK9","egg00",6
"3664","WBK92","egg00",5
"3667","WBK95","egg00",5
"3669","WBK97","egg00",2
"3672","WCW1","egg00",5
"3674","WCW3","egg00",6
"3675","WCW32","egg00",5
"3678","WCW5","egg00",3
"3680","WCW82","egg00",2
"3681","GCG1","fl96",0
"3683","GCG11","fl96",0
"3684","GCG12","fl96",0
"3686","GCG14","fl96",2
"3687","GCG15","fl96",0
"3688","GCG16","fl96",0
"3689","GCG17","fl96",5
"3690","GCG18","fl96",2
"3691","GCG19","fl96",0
"3692","GCG2","fl96",2
"3694","GCG21","fl96",0
"3696","GCG23","fl96",1
"3697","GCG24","fl96",0
"3698","GCG25","fl96",0
"3699","GCG27","fl96",0
"3700","GCG28","fl96",0
"3701","GCG3","fl96",0
"3702","GCG30","fl96",0
"3703","GCG31","fl96",0
"3704","GCG32","fl96",0
"3705","GCG33","fl96",0
"3706","GCG34","fl96",0
"3707","GCG35","fl96",0
"3708","GCG36","fl96",0
"3709","GCG37","fl96",0
"3710","GCG38","fl96",2
"3711","GCG39","fl96",0
"3712","GCG4","fl96",3
"3713","GCG40","fl96",0
"3714","GCG41","fl96",0
"3715","GCG42","fl96",0
"3716","GCG43","fl96",0
"3717","GCG44","fl96",0
"3718","GCG45","fl96",0
"3723","GCG5","fl96",0
"3732","GCG60","fl96",0
"3742","GCG7","fl96",0
"3764","GCG9","fl96",2
"3814","MP2","fl96",0
"3815","MP9","fl96",0
"3832","TG1","fl96",0
"3833","TG10","fl96",0
"3842","TG11","fl96",0
"3843","TG12","fl96",0
"3844","TG13","fl96",0
"3845","TG14","fl96",0
"3846","TG15","fl96",0
"3848","TG2","fl96",0
"3849","TG22","fl96",0
"3856","TG5","fl96",0
"3858","TG7","fl96",0
"3859","TG8","fl96",0
"3860","TG9","fl96",0
"4049","GCG1","fl97",0
"4050","GCG10","fl97",1
"4051","GCG11","fl97",0
"4052","GCG12","fl97",0
"4054","GCG14","fl97",0
"4055","GCG15","fl97",0
"4056","GCG16","fl97",0
"4057","GCG17","fl97",2
"4058","GCG18","fl97",0
"4059","GCG19","fl97",0
"4060","GCG2","fl97",2
"4062","GCG21","fl97",0
"4064","GCG23","fl97",2
"4066","GCG25","fl97",1
"4069","GCG3","fl97",0
"4070","GCG30","fl97",0
"4073","GCG33","fl97",0
"4074","GCG34","fl97",0
"4075","GCG35","fl97",0
"4077","GCG37","fl97",0
"4078","GCG38","fl97",0
"4079","GCG39","fl97",0
"4080","GCG4","fl97",0
"4083","GCG42","fl97",0
"4084","GCG43","fl97",0
"4085","GCG44","fl97",0
"4086","GCG45","fl97",0
"4087","GCG46","fl97",0
"4088","GCG47","fl97",3
"4089","GCG48","fl97",0
"4090","GCG49","fl97",3
"4091","GCG5","fl97",1
"4092","GCG50","fl97",0
"4093","GCG51","fl97",1
"4094","GCG54","fl97",0
"4095","GCG55","fl97",0
"4096","GCG56","fl97",0
"4097","GCG57","fl97",1
"4098","GCG58","fl97",1
"4100","GCG60","fl97",0
"4101","GCG61","fl97",2
"4103","GCG63","fl97",1
"4105","GCG65","fl97",1
"4106","GCG66","fl97",1
"4107","GCG67","fl97",0
"4108","GCG68","fl97",0
"4110","GCG7","fl97",1
"4111","GCG70","fl97",0
"4112","GCG71","fl97",1
"4113","GCG72","fl97",0
"4132","GCG9","fl97",0
"4149","KA1","fl97",0
"4150","KA13","fl97",2
"4151","KA14","fl97",2
"4152","KA17","fl97",3
"4153","KA19","fl97",3
"4154","KA2","fl97",0
"4155","KA20","fl97",2
"4157","KA22","fl97",2
"4158","KA23","fl97",3
"4159","KA24","fl97",2
"4160","KA25","fl97",0
"4162","KA27","fl97",2
"4163","KA29","fl97",2
"4164","KA3","fl97",3
"4165","KA30","fl97",3
"4166","KA32","fl97",1
"4167","KA33","fl97",1
"4168","KA34","fl97",3
"4169","KA36","fl97",3
"4170","KA37","fl97",4
"4171","KA4","fl97",1
"4172","KA42","fl97",2
"4173","KA45","fl97",2
"4175","KA49","fl97",4
"4176","KA5","fl97",3
"4178","KA6","fl97",4
"4179","KA7","fl97",0
"4180","KA8","fl97",2
"4181","KA9","fl97",1
"4182","MP2","fl97",0
"4183","MP9","fl97",0
"4184","PF1","fl97",0
"4185","PF2","fl97",0
"4186","PF3","fl97",0
"4187","PF4","fl97",0
"4188","PF5","fl97",0
"4189","PF6","fl97",0
"4190","PF7","fl97",0
"4201","TG10","fl97",0
"4202","TG100","fl97",0
"4203","TG101","fl97",2
"4205","TG103","fl97",1
"4206","TG104","fl97",0
"4207","TG105","fl97",3
"4208","TG106","fl97",2
"4209","TG107","fl97",2
"4210","TG11","fl97",0
"4211","TG12","fl97",3
"4212","TG13","fl97",0
"4213","TG14","fl97",0
"4214","TG15","fl97",2
"4216","TG2","fl97",0
"4217","TG22","fl97",0
"4218","TG23","fl97",0
"4219","TG24","fl97",1
"4220","TG25","fl97",4
"4221","TG26","fl97",0
"4222","TG27","fl97",0
"4223","TG28","fl97",0
"4224","TG5","fl97",3
"4226","TG7","fl97",0
"4227","TG8","fl97",2
"4228","TG9","fl97",1
"4418","GCG10","fl98",0
"4419","GCG11","fl98",2
"4420","GCG12","fl98",0
"4428","GCG2","fl98",1
"4434","GCG25","fl98",0
"4435","GCG27","fl98",0
"4436","GCG28","fl98",0
"4438","GCG30","fl98",1
"4439","GCG31","fl98",0
"4441","GCG33","fl98",0
"4448","GCG4","fl98",0
"4449","GCG40","fl98",0
"4452","GCG43","fl98",0
"4453","GCG44","fl98",0
"4454","GCG45","fl98",0
"4458","GCG49","fl98",2
"4464","GCG56","fl98",1
"4465","GCG57","fl98",3
"4466","GCG58","fl98",1
"4469","GCG61","fl98",0
"4471","GCG63","fl98",0
"4473","GCG65","fl98",2
"4478","GCG7","fl98",0
"4479","GCG70","fl98",1
"4482","GCG73","fl98",0
"4483","GCG74","fl98",3
"4484","GCG74.5","fl98",2
"4485","GCG75","fl98",0
"4486","GCG76","fl98",1
"4490","GCG8","fl98",0
"4491","GCG80","fl98",1
"4492","GCG81","fl98",3
"4493","GCG82","fl98",0
"4494","GCG83","fl98",0
"4495","GCG85","fl98",0
"4496","GCG86","fl98",0
"4497","GCG87","fl98",2
"4498","GCG88","fl98",2
"4499","GCG89","fl98",2
"4500","GCG9","fl98",2
"4518","KA13","fl98",0
"4522","KA2","fl98",0
"4526","KA23","fl98",1
"4527","KA24","fl98",0
"4528","KA25","fl98",0
"4530","KA27","fl98",2
"4533","KA30","fl98",3
"4534","KA32","fl98",0
"4536","KA34","fl98",0
"4538","KA37","fl98",4
"4539","KA4","fl98",1
"4543","KA49","fl98",0
"4544","KA5","fl98",0
"4546","KA6","fl98",0
"4547","KA7","fl98",0
"4548","KA8","fl98",0
"4553","PF2","fl98",0
"4555","PF4","fl98",0
"4568","TG1","fl98",2
"4569","TG10","fl98",2
"4573","TG103","fl98",0
"4575","TG105","fl98",4
"4576","TG106","fl98",4
"4577","TG107","fl98",0
"4578","TG11","fl98",0
"4579","TG12","fl98",2
"4580","TG13","fl98",0
"4582","TG15","fl98",0
"4584","TG2","fl98",1
"4585","TG22","fl98",0
"4591","TG28","fl98",0
"4592","TG5","fl98",0
"4595","TG8","fl98",0
"4596","TG9","fl98",0
"4785","GCG1","fl99",3
"4787","GCG11","fl99",2
"4788","GCG12","fl99",3
"4792","GCG16","fl99",2
"4798","GCG21","fl99",0
"4799","GCG22","fl99",3
"4800","GCG23","fl99",2
"4803","GCG27","fl99",3
"4806","GCG30","fl99",0
"4810","GCG34","fl99",3
"4816","GCG4","fl99",0
"4819","GCG42","fl99",0
"4821","GCG44","fl99",0
"4832","GCG56","fl99",0
"4836","GCG60","fl99",2
"4840","GCG64","fl99",2
"4845","GCG69","fl99",3
"4851","GCG74","fl99",3
"4853","GCG75","fl99",3
"4860","GCG81","fl99",1
"4861","GCG82","fl99",2
"4862","GCG83","fl99",0
"4866","GCG88","fl99",2
"4868","GCG9","fl99",0
"4870","GCG91","fl99",2
"4872","JCS1","fl99",4
"4873","JCS10","fl99",0
"4874","JCS11","fl99",0
"4876","JCS13","fl99",2
"4878","JCS3","fl99",2
"4879","JCS4","fl99",0
"4882","JCS7","fl99",5
"4884","JCS9","fl99",0
"4886","KA13","fl99",2
"4887","KA14","fl99",0
"4888","KA17","fl99",0
"4889","KA19","fl99",3
"4892","KA21","fl99",3
"4898","KA27","fl99",2
"4900","KA3","fl99",0
"4901","KA30","fl99",2
"4907","KA4","fl99",2
"4911","KA49","fl99",3
"4912","KA5","fl99",2
"4914","KA6","fl99",4
"4917","KA9","fl99",2
"4922","PF3","fl99",3
"4923","PF4","fl99",2
"4926","PF7","fl99",0
"4941","TG103","fl99",3
"4942","TG104","fl99",2
"4944","TG106","fl99",0
"4947","TG12","fl99",4
"4949","TG14","fl99",4
"4950","TG15","fl99",1
"4953","TG22","fl99",1
"4977","WBK11","fl99",3
"4988","WBK12","fl99",3
"5056","WBK2","fl99",0
"5058","WBK21","fl99",0
"5062","WBK25","fl99",2
"5064","WBK27","fl99",4
"5065","WBK28","fl99",4
"5066","WBK29","fl99",0
"5067","WBK3","fl99",2
"5068","WBK30","fl99",4
"5069","WBK31","fl99",0
"5070","WBK32","fl99",1
"5076","WBK38","fl99",0
"5077","WBK39","fl99",0
"5079","WBK40","fl99",3
"5080","WBK41","fl99",3
"5081","WBK42","fl99",2
"5084","WBK45","fl99",3
"5085","WBK46","fl99",0
"5086","WBK47","fl99",1
"5087","WBK48","fl99",1
"5088","WBK49","fl99",2
"5089","WBK5","fl99",4
"5091","WBK51","fl99",3
"5092","WBK52","fl99",0
"5095","WBK55","fl99",0
"5096","WBK56","fl99",2
"5097","WBK57","fl99",2
"5098","WBK58","fl99",0
"5101","WBK60","fl99",2
"5102","WBK61","fl99",0
"5103","WBK62","fl99",0
"5104","WBK63","fl99",0
"5105","WBK64","fl99",0
"5106","WBK65","fl99",1
"5108","WBK67","fl99",0
"5109","WBK68","fl99",0
"5110","WBK69","fl99",2
"5112","WBK70","fl99",3
"5113","WBK71","fl99",0
"5115","WBK73","fl99",3
"5116","WBK74","fl99",0
"5117","WBK75","fl99",3
"5120","WBK78","fl99",1
"5121","WBK79","fl99",3
"5123","WBK80","fl99",3
"5124","WBK81","fl99",4
"5133","WBK9","fl99",4
"5159","GCG15","fl00",3
"5161","GCG17","fl00",2
"5162","GCG18","fl00",0
"5164","GCG2","fl00",0
"5168","GCG23","fl00",2
"5170","GCG25","fl00",0
"5183","GCG39","fl00",0
"5197","GCG51","fl00",1
"5202","GCG58","fl00",0
"5220","GCG74.5","fl00",0
"5221","GCG75","fl00",0
"5229","GCG82","fl00",1
"5230","GCG83","fl00",0
"5234","GCG88","fl00",3
"5236","GCG9","fl00",2
"5248","JCS5","fl00",0
"5252","JCS9","fl00",2
"5254","KA13","fl00",4
"5257","KA19","fl00",3
"5258","KA2","fl00",1
"5259","KA20","fl00",0
"5260","KA21","fl00",2
"5262","KA23","fl00",0
"5264","KA25","fl00",2
"5266","KA27","fl00",3
"5280","KA5","fl00",3
"5282","KA6","fl00",0
"5291","PF4","fl00",0
"5292","PF5","fl00",1
"5293","PF6","fl00",0
"5294","PF7","fl00",1
"5310","TG104","fl00",0
"5311","TG105","fl00",0
"5315","TG12","fl00",1
"5317","TG14","fl00",3
"5318","TG15","fl00",2
"5320","TG2","fl00",1
"5326","TG27","fl00",3
"5330","TG7","fl00",1
"5337","WBK102","fl00",2
"5338","WBK103","fl00",0
"5339","WBK104","fl00",3
"5340","WBK105","fl00",3
"5342","WBK107","fl00",1
"5343","WBK108","fl00",1
"5344","WBK109","fl00",0
"5345","WBK11","fl00",1
"5347","WBK111","fl00",0
"5348","WBK112","fl00",0
"5349","WBK113","fl00",1
"5350","WBK114","fl00",2
"5351","WBK115","fl00",2
"5352","WBK116","fl00",0
"5353","WBK117","fl00",0
"5354","WBK118","fl00",0
"5355","WBK119","fl00",0
"5356","WBK12","fl00",2
"5357","WBK120","fl00",0
"5358","WBK121","fl00",3
"5359","WBK122","fl00",3
"5361","WBK124","fl00",2
"5363","WBK126","fl00",1
"5364","WBK127","fl00",2
"5366","WBK129","fl00",0
"5370","WBK132","fl00",0
"5371","WBK133","fl00",0
"5372","WBK134","fl00",0
"5375","WBK137","fl00",0
"5379","WBK140","fl00",0
"5381","WBK142","fl00",2
"5382","WBK143","fl00",0
"5383","WBK145","fl00",0
"5384","WBK146","fl00",1
"5385","WBK147","fl00",0
"5386","WBK148","fl00",0
"5389","WBK150","fl00",0
"5390","WBK151","fl00",0
"5392","WBK153","fl00",1
"5393","WBK154","fl00",0
"5395","WBK156","fl00",0
"5396","WBK157","fl00",0
"5397","WBK158","fl00",0
"5398","WBK159","fl00",0
"5399","WBK16","fl00",0
"5400","WBK160","fl00",0
"5401","WBK161","fl00",0
"5402","WBK162","fl00",2
"5403","WBK163","fl00",0
"5404","WBK164","fl00",0
"5405","WBK165","fl00",0
"5406","WBK166","fl00",0
"5408","WBK168","fl00",0
"5409","WBK169","fl00",1
"5412","WBK171","fl00",1
"5413","WBK172","fl00",2
"5414","WBK173","fl00",1
"5415","WBK174","fl00",0
"5416","WBK175","fl00",2
"5417","WBK176","fl00",1
"5418","WBK177","fl00",0
"5419","WBK178","fl00",4
"5420","WBK179","fl00",0
"5421","WBK18","fl00",0
"5422","WBK180","fl00",3
"5423","WBK19","fl00",2
"5430","WBK25","fl00",0
"5431","WBK26","fl00",3
"5432","WBK27","fl00",3
"5438","WBK32","fl00",0
"5441","WBK35","fl00",0
"5442","WBK36","fl00",3
"5444","WBK38","fl00",0
"5447","WBK40","fl00",0
"5450","WBK43","fl00",0
"5451","WBK44","fl00",2
"5452","WBK45","fl00",0
"5454","WBK47","fl00",3
"5455","WBK48","fl00",2
"5456","WBK49","fl00",0
"5457","WBK5","fl00",3
"5460","WBK52","fl00",0
"5463","WBK55","fl00",0
"5464","WBK56","fl00",0
"5467","WBK59","fl00",0
"5470","WBK61","fl00",2
"5474","WBK65","fl00",0
"5475","WBK66","fl00",0
"5477","WBK68","fl00",1
"5488","WBK78","fl00",3
"5489","WBK79","fl00",0
"5491","WBK80","fl00",3
"5493","WBK82","fl00",0
"5497","WBK86","fl00",0
"5498","WBK87","fl00",3
"5500","WBK89","fl00",0
"5501","WBK9","fl00",4
"5504","WBK92","fl00",0
"5506","WBK94","fl00",3
"5507","WBK95","fl00",0
"5508","WBK96","fl00",1
"5509","WBK97","fl00",0
"5512","WCW1","fl00",3
"5514","WCW3","fl00",2
"5515","WCW32","fl00",1
"5516","WCW35","fl00",0
"5518","WCW5","fl00",0
"5520","WCW82","fl00",0
"5521","GCG1","init99",1
"5522","GCG10","init99",0
"5523","GCG11","init99",1
"5524","GCG12","init99",1
"5525","GCG13","init99",0
"5526","GCG14","init99",1
"5527","GCG15","init99",1
"5528","GCG16","init99",1
"5529","GCG17","init99",1
"5530","GCG18","init99",1
"5531","GCG19","init99",0
"5532","GCG2","init99",0
"5533","GCG20","init99",0
"5534","GCG21","init99",1
"5535","GCG22","init99",1
"5536","GCG23","init99",1
"5537","GCG24","init99",0
"5538","GCG25","init99",1
"5539","GCG27","init99",1
"5540","GCG28","init99",0
"5541","GCG3","init99",1
"5542","GCG30","init99",1
"5543","GCG31","init99",1
"5544","GCG32","init99",1
"5545","GCG33","init99",1
"5546","GCG34","init99",1
"5547","GCG35","init99",1
"5548","GCG36","init99",0
"5549","GCG37","init99",0
"5550","GCG38","init99",0
"5551","GCG39","init99",1
"5552","GCG4","init99",1
"5553","GCG40","init99",0
"5554","GCG41","init99",0
"5555","GCG42","init99",1
"5556","GCG43","init99",0
"5557","GCG44","init99",1
"5558","GCG45","init99",0
"5559","GCG46","init99",0
"5560","GCG47","init99",0
"5561","GCG48","init99",0
"5562","GCG49","init99",0
"5563","GCG5","init99",0
"5564","GCG50","init99",0
"5565","GCG51","init99",1
"5566","GCG54","init99",0
"5567","GCG55","init99",1
"5568","GCG56","init99",1
"5569","GCG57","init99",0
"5570","GCG58","init99",1
"5571","GCG6","init99",0
"5572","GCG60","init99",1
"5573","GCG61","init99",0
"5574","GCG62","init99",1
"5575","GCG63","init99",0
"5576","GCG64","init99",1
"5577","GCG65","init99",0
"5578","GCG66","init99",0
"5579","GCG67","init99",0
"5581","GCG69","init99",1
"5582","GCG7","init99",0
"5583","GCG70","init99",0
"5585","GCG72","init99",0
"5586","GCG73","init99",0
"5587","GCG74","init99",1
"5588","GCG74.5","init99",0
"5589","GCG75","init99",1
"5590","GCG76","init99",1
"5591","GCG77","init99",0
"5592","GCG78","init99",1
"5593","GCG79","init99",1
"5594","GCG8","init99",0
"5595","GCG80","init99",1
"5596","GCG81","init99",1
"5597","GCG82","init99",1
"5598","GCG83","init99",1
"5599","GCG85","init99",1
"5600","GCG86","init99",0
"5601","GCG87","init99",0
"5602","GCG88","init99",1
"5603","GCG89","init99",1
"5604","GCG9","init99",1
"5606","GCG91","init99",1
"5608","JCS1","init99",1
"5609","JCS10","init99",1
"5610","JCS11","init99",1
"5611","JCS12","init99",1
"5612","JCS13","init99",1
"5613","JCS2","init99",1
"5614","JCS3","init99",1
"5615","JCS4","init99",1
"5616","JCS5","init99",0
"5617","JCS6","init99",0
"5618","JCS7","init99",1
"5619","JCS8","init99",0
"5620","JCS9","init99",1
"5621","KA1","init99",0
"5622","KA13","init99",1
"5623","KA14","init99",1
"5624","KA17","init99",1
"5625","KA19","init99",1
"5626","KA2","init99",1
"5627","KA20","init99",0
"5628","KA21","init99",1
"5629","KA22","init99",0
"5630","KA23","init99",1
"5631","KA24","init99",1
"5632","KA25","init99",0
"5633","KA26","init99",1
"5634","KA27","init99",1
"5635","KA29","init99",0
"5636","KA3","init99",1
"5637","KA30","init99",1
"5638","KA32","init99",0
"5640","KA34","init99",0
"5641","KA36","init99",0
"5642","KA37","init99",0
"5643","KA4","init99",1
"5644","KA42","init99",0
"5645","KA45","init99",0
"5646","KA48","init99",1
"5647","KA49","init99",1
"5648","KA5","init99",1
"5649","KA50","init99",1
"5650","KA6","init99",1
"5651","KA7","init99",0
"5652","KA8","init99",0
"5653","KA9","init99",1
"5654","MP2","init99",0
"5655","MP9","init99",0
"5656","PF1","init99",0
"5658","PF3","init99",1
"5659","PF4","init99",1
"5660","PF5","init99",0
"5661","PF6","init99",1
"5662","PF7","init99",1
"5663","RTHA1","init99",1
"5665","RTHA3","init99",0
"5669","SUS1","init99",0
"5670","SUS2","init99",0
"5671","SUS3","init99",0
"5672","TG1","init99",0
"5673","TG10","init99",0
"5674","TG100","init99",0
"5675","TG101","init99",0
"5676","TG102","init99",0
"5677","TG103","init99",1
"5678","TG104","init99",1
"5679","TG105","init99",1
"5680","TG106","init99",1
"5681","TG107","init99",0
"5682","TG11","init99",0
"5683","TG12","init99",1
"5684","TG13","init99",0
"5685","TG14","init99",1
"5686","TG15","init99",1
"5687","TG16","init99",1
"5688","TG2","init99",1
"5689","TG22","init99",1
"5690","TG23","init99",0
"5691","TG24","init99",1
"5692","TG25","init99",0
"5693","TG26","init99",0
"5694","TG27","init99",1
"5695","TG28","init99",0
"5696","TG5","init99",0
"5698","TG7","init99",0
"5699","TG8","init99",1
"5700","TG9","init99",1
"5701","WBK1","init99",0
"5702","WBK10","init99",0
"5713","WBK11","init99",1
"5724","WBK12","init99",1
"5735","WBK13","init99",0
"5746","WBK14","init99",0
"5756","WBK15","init99",0
"5767","WBK16","init99",0
"5778","WBK17","init99",1
"5789","WBK18","init99",1
"5791","WBK19","init99",0
"5792","WBK2","init99",1
"5793","WBK20","init99",0
"5794","WBK21","init99",1
"5795","WBK22","init99",0
"5796","WBK23","init99",0
"5797","WBK24","init99",0
"5798","WBK25","init99",1
"5799","WBK26","init99",0
"5800","WBK27","init99",1
"5801","WBK28","init99",1
"5802","WBK29","init99",1
"5803","WBK3","init99",1
"5804","WBK30","init99",1
"5805","WBK31","init99",1
"5806","WBK32","init99",1
"5807","WBK33","init99",0
"5808","WBK34","init99",0
"5809","WBK35","init99",0
"5810","WBK36","init99",0
"5812","WBK38","init99",1
"5813","WBK39","init99",1
"5814","WBK4","init99",1
"5815","WBK40","init99",1
"5816","WBK41","init99",1
"5817","WBK42","init99",1
"5818","WBK43","init99",1
"5819","WBK44","init99",1
"5820","WBK45","init99",1
"5821","WBK46","init99",1
"5822","WBK47","init99",1
"5823","WBK48","init99",1
"5824","WBK49","init99",1
"5825","WBK5","init99",1
"5826","WBK50","init99",0
"5827","WBK51","init99",1
"5828","WBK52","init99",1
"5829","WBK53","init99",0
"5830","WBK54","init99",0
"5831","WBK55","init99",1
"5832","WBK56","init99",1
"5833","WBK57","init99",1
"5834","WBK58","init99",1
"5835","WBK59","init99",1
"5836","WBK6","init99",0
"5837","WBK60","init99",1
"5838","WBK61","init99",1
"5839","WBK62","init99",1
"5840","WBK63","init99",1
"5841","WBK64","init99",1
"5842","WBK65","init99",1
"5843","WBK66","init99",0
"5844","WBK67","init99",1
"5845","WBK68","init99",1
"5846","WBK69","init99",1
"5847","WBK7","init99",0
"5848","WBK70","init99",1
"5849","WBK71","init99",1
"5850","WBK72","init99",0
"5851","WBK73","init99",1
"5852","WBK74","init99",1
"5853","WBK75","init99",0
"5854","WBK76","init99",0
"5855","WBK77","init99",0
"5856","WBK78","init99",1
"5857","WBK79","init99",1
"5858","WBK8","init99",0
"5859","WBK80","init99",1
"5860","WBK81","init99",1
"5861","WBK82","init99",0
"5862","WBK83","init99",0
"5869","WBK9","init99",1
"5880","WCW1","init99",0
"5889","GCG1","init00",0
"5890","GCG10","init00",0
"5891","GCG11","init00",0
"5892","GCG12","init00",0
"5893","GCG13","init00",0
"5894","GCG14","init00",0
"5895","GCG15","init00",1
"5896","GCG16","init00",0
"5897","GCG17","init00",1
"5898","GCG18","init00",1
"5899","GCG19","init00",0
"5900","GCG2","init00",1
"5901","GCG20","init00",0
"5902","GCG21","init00",0
"5903","GCG22","init00",0
"5904","GCG23","init00",1
"5905","GCG24","init00",1
"5906","GCG25","init00",1
"5907","GCG27","init00",0
"5908","GCG28","init00",0
"5909","GCG3","init00",0
"5910","GCG30","init00",0
"5911","GCG31","init00",0
"5912","GCG32","init00",0
"5913","GCG33","init00",0
"5914","GCG34","init00",0
"5915","GCG35","init00",1
"5916","GCG36","init00",1
"5917","GCG37","init00",0
"5918","GCG38","init00",0
"5919","GCG39","init00",1
"5920","GCG4","init00",1
"5921","GCG40","init00",0
"5922","GCG41","init00",0
"5923","GCG42","init00",0
"5924","GCG43","init00",0
"5925","GCG44","init00",0
"5926","GCG45","init00",0
"5927","GCG46","init00",0
"5928","GCG47","init00",0
"5929","GCG48","init00",0
"5930","GCG49","init00",1
"5931","GCG5","init00",0
"5932","GCG50","init00",0
"5933","GCG51","init00",1
"5935","GCG55","init00",1
"5936","GCG56","init00",0
"5937","GCG57","init00",0
"5938","GCG58","init00",1
"5939","GCG6","init00",0
"5940","GCG60","init00",0
"5941","GCG61","init00",0
"5942","GCG62","init00",0
"5943","GCG63","init00",0
"5944","GCG64","init00",0
"5945","GCG65","init00",0
"5946","GCG66","init00",0
"5947","GCG67","init00",0
"5949","GCG69","init00",0
"5950","GCG7","init00",0
"5954","GCG73","init00",0
"5955","GCG74","init00",0
"5956","GCG74.5","init00",1
"5957","GCG75","init00",1
"5958","GCG76","init00",0
"5960","GCG78","init00",0
"5961","GCG79","init00",0
"5962","GCG8","init00",0
"5963","GCG80","init00",1
"5964","GCG81","init00",1
"5965","GCG82","init00",1
"5966","GCG83","init00",1
"5967","GCG85","init00",0
"5968","GCG86","init00",0
"5969","GCG87","init00",0
"5970","GCG88","init00",1
"5971","GCG89","init00",0
"5972","GCG9","init00",1
"5974","GCG91","init00",1
"5977","JCS10","init00",0
"5978","JCS11","init00",0
"5979","JCS12","init00",0
"5980","JCS13","init00",0
"5981","JCS2","init00",0
"5982","JCS3","init00",0
"5984","JCS5","init00",1
"5985","JCS6","init00",0
"5986","JCS7","init00",0
"5987","JCS8","init00",0
"5988","JCS9","init00",1
"5989","KA1","init00",0
"5990","KA13","init00",1
"5991","KA14","init00",0
"5992","KA17","init00",0
"5993","KA19","init00",1
"5994","KA2","init00",1
"5995","KA20","init00",1
"5996","KA21","init00",1
"5997","KA22","init00",0
"5998","KA23","init00",1
"5999","KA24","init00",0
"6000","KA25","init00",1
"6001","KA26","init00",0
"6002","KA27","init00",1
"6003","KA29","init00",0
"6004","KA3","init00",0
"6005","KA30","init00",0
"6009","KA36","init00",0
"6010","KA37","init00",0
"6011","KA4","init00",0
"6014","KA48","init00",0
"6015","KA49","init00",0
"6016","KA5","init00",1
"6017","KA50","init00",0
"6018","KA6","init00",1
"6019","KA7","init00",0
"6020","KA8","init00",0
"6021","KA9","init00",0
"6022","MP2","init00",0
"6023","MP9","init00",0
"6024","PF1","init00",0
"6026","PF3","init00",0
"6027","PF4","init00",1
"6028","PF5","init00",1
"6029","PF6","init00",1
"6030","PF7","init00",1
"6040","TG1","init00",0
"6041","TG10","init00",0
"6042","TG100","init00",0
"6043","TG101","init00",0
"6044","TG102","init00",0
"6045","TG103","init00",0
"6046","TG104","init00",1
"6047","TG105","init00",1
"6048","TG106","init00",1
"6049","TG107","init00",0
"6050","TG11","init00",0
"6051","TG12","init00",1
"6052","TG13","init00",0
"6053","TG14","init00",1
"6054","TG15","init00",1
"6055","TG16","init00",0
"6056","TG2","init00",1
"6057","TG22","init00",0
"6058","TG23","init00",0
"6061","TG26","init00",0
"6062","TG27","init00",1
"6063","TG28","init00",0
"6064","TG5","init00",0
"6066","TG7","init00",1
"6067","TG8","init00",0
"6068","TG9","init00",0
"6069","WBK1","init00",0
"6070","WBK10","init00",0
"6071","WBK100","init00",0
"6072","WBK101","init00",0
"6073","WBK102","init00",1
"6074","WBK103","init00",1
"6075","WBK104","init00",1
"6076","WBK105","init00",1
"6077","WBK106","init00",0
"6078","WBK107","init00",1
"6079","WBK108","init00",1
"6080","WBK109","init00",1
"6081","WBK11","init00",1
"6082","WBK110","init00",1
"6083","WBK111","init00",1
"6084","WBK112","init00",1
"6085","WBK113","init00",1
"6086","WBK114","init00",1
"6087","WBK115","init00",1
"6088","WBK116","init00",1
"6089","WBK117","init00",1
"6090","WBK118","init00",1
"6091","WBK119","init00",1
"6092","WBK12","init00",1
"6093","WBK120","init00",1
"6094","WBK121","init00",1
"6095","WBK122","init00",1
"6096","WBK123","init00",0
"6097","WBK124","init00",1
"6098","WBK125","init00",0
"6099","WBK126","init00",1
"6100","WBK127","init00",1
"6101","WBK128","init00",0
"6102","WBK129","init00",1
"6103","WBK13","init00",0
"6104","WBK130","init00",0
"6105","WBK131","init00",0
"6106","WBK132","init00",1
"6107","WBK133","init00",1
"6108","WBK134","init00",1
"6109","WBK135","init00",0
"6110","WBK136","init00",0
"6111","WBK137","init00",1
"6112","WBK138","init00",0
"6113","WBK139","init00",0
"6114","WBK14","init00",0
"6115","WBK140","init00",1
"6116","WBK141","init00",0
"6117","WBK142","init00",1
"6118","WBK143","init00",1
"6119","WBK145","init00",1
"6120","WBK146","init00",1
"6121","WBK147","init00",1
"6122","WBK148","init00",1
"6123","WBK149","init00",0
"6124","WBK15","init00",0
"6125","WBK150","init00",1
"6126","WBK151","init00",1
"6127","WBK152","init00",0
"6128","WBK153","init00",1
"6129","WBK154","init00",1
"6130","WBK155","init00",1
"6131","WBK156","init00",1
"6132","WBK157","init00",1
"6133","WBK158","init00",1
"6134","WBK159","init00",1
"6135","WBK16","init00",1
"6136","WBK160","init00",1
"6137","WBK161","init00",1
"6138","WBK162","init00",1
"6139","WBK163","init00",1
"6140","WBK164","init00",1
"6141","WBK165","init00",1
"6142","WBK166","init00",1
"6143","WBK167","init00",0
"6144","WBK168","init00",1
"6145","WBK169","init00",1
"6146","WBK17","init00",0
"6147","WBK170","init00",1
"6148","WBK171","init00",1
"6149","WBK172","init00",1
"6150","WBK173","init00",1
"6151","WBK174","init00",1
"6152","WBK175","init00",1
"6153","WBK176","init00",1
"6154","WBK177","init00",1
"6155","WBK178","init00",1
"6156","WBK179","init00",1
"6157","WBK18","init00",1
"6158","WBK180","init00",1
"6159","WBK19","init00",1
"6160","WBK2","init00",1
"6161","WBK20","init00",1
"6162","WBK21","init00",0
"6163","WBK22","init00",0
"6164","WBK23","init00",0
"6165","WBK24","init00",0
"6166","WBK25","init00",1
"6167","WBK26","init00",1
"6168","WBK27","init00",1
"6169","WBK28","init00",0
"6170","WBK29","init00",0
"6171","WBK3","init00",0
"6172","WBK30","init00",0
"6173","WBK31","init00",0
"6174","WBK32","init00",1
"6175","WBK33","init00",0
"6176","WBK34","init00",0
"6177","WBK35","init00",1
"6178","WBK36","init00",1
"6180","WBK38","init00",1
"6181","WBK39","init00",0
"6182","WBK4","init00",0
"6183","WBK40","init00",1
"6184","WBK41","init00",1
"6185","WBK42","init00",0
"6186","WBK43","init00",1
"6187","WBK44","init00",1
"6188","WBK45","init00",1
"6189","WBK46","init00",0
"6190","WBK47","init00",1
"6191","WBK48","init00",1
"6192","WBK49","init00",1
"6193","WBK5","init00",1
"6194","WBK50","init00",0
"6195","WBK51","init00",0
"6196","WBK52","init00",1
"6197","WBK53","init00",0
"6198","WBK54","init00",0
"6199","WBK55","init00",1
"6200","WBK56","init00",1
"6201","WBK57","init00",0
"6202","WBK58","init00",0
"6203","WBK59","init00",1
"6204","WBK6","init00",0
"6205","WBK60","init00",0
"6206","WBK61","init00",1
"6207","WBK62","init00",0
"6208","WBK63","init00",0
"6209","WBK64","init00",1
"6210","WBK65","init00",1
"6211","WBK66","init00",1
"6212","WBK67","init00",0
"6213","WBK68","init00",1
"6214","WBK69","init00",0
"6215","WBK7","init00",0
"6216","WBK70","init00",0
"6217","WBK71","init00",0
"6218","WBK72","init00",0
"6219","WBK73","init00",0
"6220","WBK74","init00",0
"6221","WBK75","init00",0
"6222","WBK76","init00",0
"6223","WBK77","init00",0
"6224","WBK78","init00",1
"6225","WBK79","init00",1
"6226","WBK8","init00",0
"6227","WBK80","init00",1
"6228","WBK81","init00",0
"6229","WBK82","init00",0
"6230","WBK83","init00",1
"6231","WBK84","init00",0
"6232","WBK85","init00",1
"6233","WBK86","init00",1
"6234","WBK87","init00",1
"6235","WBK88","init00",0
"6236","WBK89","init00",1
"6237","WBK9","init00",1
"6238","WBK90","init00",0
"6239","WBK91","init00",1
"6240","WBK92","init00",1
"6241","WBK93","init00",0
"6242","WBK94","init00",1
"6243","WBK95","init00",1
"6244","WBK96","init00",1
"6245","WBK97","init00",1
"6246","WBK98","init00",0
"6247","WBK99","init00",0
"6248","WCW1","init00",1
"6250","WCW3","init00",1
"6251","WCW32","init00",1
"6252","WCW35","init00",1
"6253","WCW4","init00",0
"6254","WCW5","init00",1
"6255","WCW6","init00",1
"6256","WCW82","init00",1
